Country,Year,Type,Value,Lower_CI,Upper_CI,ARIMA_Order,MAPE
USA,1971,Historical,225.0,,,"(1, 1, 3)",
USA,1972,Historical,224.0,,,"(1, 1, 3)",
USA,1973,Historical,232.0,,,"(1, 1, 3)",
USA,1974,Historical,222.0,,,"(1, 1, 3)",
USA,1975,Historical,196.0,,,"(1, 1, 3)",
USA,1976,Historical,204.0,,,"(1, 1, 3)",
USA,1977,Historical,252.0,,,"(1, 1, 3)",
USA,1978,Historical,273.0,,,"(1, 1, 3)",
USA,1979,Historical,308.0,,,"(1, 1, 3)",
USA,1980,Historical,319.0,,,"(1, 1, 3)",
USA,1981,Historical,368.0,,,"(1, 1, 3)",
USA,1982,Historical,623.0,,,"(1, 1, 3)",
USA,1983,Historical,581.0,,,"(1, 1, 3)",
USA,1984,Historical,548.0,,,"(1, 1, 3)",
USA,1985,Historical,593.0,,,"(1, 1, 3)",
USA,1986,Historical,656.0,,,"(1, 1, 3)",
USA,1987,Historical,648.0,,,"(1, 1, 3)",
USA,1988,Historical,680.0,,,"(1, 1, 3)",
USA,1989,Historical,736.0,,,"(1, 1, 3)",
USA,1990,Historical,781.0,,,"(1, 1, 3)",
USA,1991,Historical,893.0,,,"(1, 1, 3)",
USA,1992,Historical,860.0,,,"(1, 1, 3)",
USA,1993,Historical,907.0,,,"(1, 1, 3)",
USA,1994,Historical,849.0,,,"(1, 1, 3)",
USA,1995,Historical,842.0,,,"(1, 1, 3)",
USA,1996,Historical,925.0,,,"(1, 1, 3)",
USA,1997,Historical,1005.0,,,"(1, 1, 3)",
USA,1998,Historical,948.0,,,"(1, 1, 3)",
USA,1999,Historical,943.0,,,"(1, 1, 3)",
USA,2000,Historical,1039.0,,,"(1, 1, 3)",
USA,2001,Historical,980.0,,,"(1, 1, 3)",
USA,2002,Historical,1000.0,,,"(1, 1, 3)",
USA,2003,Historical,1047.0,,,"(1, 1, 3)",
USA,2004,Historical,1075.0,,,"(1, 1, 3)",
USA,2005,Historical,1187.0,,,"(1, 1, 3)",
USA,2006,Historical,1344.0,,,"(1, 1, 3)",
USA,2007,Historical,1468.0,,,"(1, 1, 3)",
USA,2008,Historical,1865.0,,,"(1, 1, 3)",
USA,2009,Historical,2043.0,,,"(1, 1, 3)",
USA,2010,Historical,2358.0,,,"(1, 1, 3)",
USA,2011,Historical,2807.0,,,"(1, 1, 3)",
USA,2012,Historical,2969.0,,,"(1, 1, 3)",
USA,2013,Historical,3243.0,,,"(1, 1, 3)",
USA,2014,Historical,4137.0,,,"(1, 1, 3)",
USA,2015,Historical,4679.0,,,"(1, 1, 3)",
USA,2016,Historical,5186.0,,,"(1, 1, 3)",
USA,2017,Historical,6276.9,,,"(1, 1, 3)",
USA,2018,Historical,7527.1,,,"(1, 1, 3)",
USA,2019,Historical,8452.8,,,"(1, 1, 3)",
USA,2020,Historical,8416.9,,,"(1, 1, 3)",
USA,2021,Historical,8479.8,,,"(1, 1, 3)",
USA,2022,Historical,9455.6,,,"(1, 1, 3)",
USA,2023,Historical,10109.9,,,"(1, 1, 3)",
USA,2024,Forecast,10389.6,8526.2,12660.2,"(1, 1, 3)",18.9
USA,2025,Forecast,10720.5,7803.6,14727.7,"(1, 1, 3)",18.9
USA,2026,Forecast,11030.1,7379.1,16487.5,"(1, 1, 3)",18.9
USA,2027,Forecast,11310.2,6825.3,18742.1,"(1, 1, 3)",18.9
USA,2028,Forecast,11562.8,6225.6,21475.8,"(1, 1, 3)",18.9
USA,2029,Forecast,11790.1,5628.8,24695.6,"(1, 1, 3)",18.9
USA,2030,Forecast,11994.0,5061.2,28423.7,"(1, 1, 3)",18.9
Saudi Arabia,1971,Historical,4516.0,,,"(3, 0, 0)",
Saudi Arabia,1972,Historical,5750.0,,,"(3, 0, 0)",
Saudi Arabia,1973,Historical,7353.0,,,"(3, 0, 0)",
Saudi Arabia,1974,Historical,8265.0,,,"(3, 0, 0)",
Saudi Arabia,1975,Historical,6965.0,,,"(3, 0, 0)",
Saudi Arabia,1976,Historical,8487.0,,,"(3, 0, 0)",
Saudi Arabia,1977,Historical,9121.0,,,"(3, 0, 0)",
Saudi Arabia,1978,Historical,8227.0,,,"(3, 0, 0)",
Saudi Arabia,1979,Historical,9473.0,,,"(3, 0, 0)",
Saudi Arabia,1980,Historical,9844.0,,,"(3, 0, 0)",
Saudi Arabia,1981,Historical,9739.0,,,"(3, 0, 0)",
Saudi Arabia,1982,Historical,6287.0,,,"(3, 0, 0)",
Saudi Arabia,1983,Historical,4657.0,,,"(3, 0, 0)",
Saudi Arabia,1984,Historical,4337.0,,,"(3, 0, 0)",
Saudi Arabia,1985,Historical,2963.0,,,"(3, 0, 0)",
Saudi Arabia,1986,Historical,4687.0,,,"(3, 0, 0)",
Saudi Arabia,1987,Historical,3783.0,,,"(3, 0, 0)",
Saudi Arabia,1988,Historical,4604.0,,,"(3, 0, 0)",
Saudi Arabia,1989,Historical,4722.0,,,"(3, 0, 0)",
Saudi Arabia,1990,Historical,6207.0,,,"(3, 0, 0)",
Saudi Arabia,1991,Historical,7894.0,,,"(3, 0, 0)",
Saudi Arabia,1992,Historical,7953.0,,,"(3, 0, 0)",
Saudi Arabia,1993,Historical,7803.0,,,"(3, 0, 0)",
Saudi Arabia,1994,Historical,7548.0,,,"(3, 0, 0)",
Saudi Arabia,1995,Historical,7606.0,,,"(3, 0, 0)",
Saudi Arabia,1996,Historical,7572.0,,,"(3, 0, 0)",
Saudi Arabia,1997,Historical,7577.0,,,"(3, 0, 0)",
Saudi Arabia,1998,Historical,7740.0,,,"(3, 0, 0)",
Saudi Arabia,1999,Historical,6990.0,,,"(3, 0, 0)",
Saudi Arabia,2000,Historical,7379.0,,,"(3, 0, 0)",
Saudi Arabia,2001,Historical,7105.0,,,"(3, 0, 0)",
Saudi Arabia,2002,Historical,6265.0,,,"(3, 0, 0)",
Saudi Arabia,2003,Historical,7678.0,,,"(3, 0, 0)",
Saudi Arabia,2004,Historical,8320.0,,,"(3, 0, 0)",
Saudi Arabia,2005,Historical,8821.0,,,"(3, 0, 0)",
Saudi Arabia,2006,Historical,8515.0,,,"(3, 0, 0)",
Saudi Arabia,2007,Historical,8000.0,,,"(3, 0, 0)",
Saudi Arabia,2008,Historical,8295.0,,,"(3, 0, 0)",
Saudi Arabia,2009,Historical,7087.0,,,"(3, 0, 0)",
Saudi Arabia,2010,Historical,6921.0,,,"(3, 0, 0)",
Saudi Arabia,2011,Historical,8052.0,,,"(3, 0, 0)",
Saudi Arabia,2012,Historical,8524.0,,,"(3, 0, 0)",
Saudi Arabia,2013,Historical,8568.0,,,"(3, 0, 0)",
Saudi Arabia,2014,Historical,8297.0,,,"(3, 0, 0)",
Saudi Arabia,2015,Historical,8779.0,,,"(3, 0, 0)",
Saudi Arabia,2016,Historical,9376.0,,,"(3, 0, 0)",
Saudi Arabia,2017,Historical,8671.8,,,"(3, 0, 0)",
Saudi Arabia,2018,Historical,9573.8,,,"(3, 0, 0)",
Saudi Arabia,2019,Historical,8592.2,,,"(3, 0, 0)",
Saudi Arabia,2020,Historical,7975.3,,,"(3, 0, 0)",
Saudi Arabia,2021,Historical,7772.4,,,"(3, 0, 0)",
Saudi Arabia,2022,Historical,9069.5,,,"(3, 0, 0)",
Saudi Arabia,2023,Historical,8147.6,,,"(3, 0, 0)",
Saudi Arabia,2024,Forecast,8179.5,6162.2,10857.1,"(3, 0, 0)",7.7
Saudi Arabia,2025,Forecast,7636.9,5262.9,11081.7,"(3, 0, 0)",7.7
Saudi Arabia,2026,Forecast,7455.7,4712.3,11796.4,"(3, 0, 0)",7.7
Saudi Arabia,2027,Forecast,7187.0,4369.7,11820.7,"(3, 0, 0)",7.7
Saudi Arabia,2028,Forecast,7080.2,4214.4,11894.7,"(3, 0, 0)",7.7
Saudi Arabia,2029,Forecast,6987.1,4131.6,11815.9,"(3, 0, 0)",7.7
Saudi Arabia,2030,Forecast,6966.0,4112.1,11800.3,"(3, 0, 0)",7.7
Russia,1971,Historical,0.0,,,"(1, 1, 0)",
Russia,1972,Historical,0.0,,,"(1, 1, 0)",
Russia,1973,Historical,0.0,,,"(1, 1, 0)",
Russia,1974,Historical,0.0,,,"(1, 1, 0)",
Russia,1975,Historical,0.0,,,"(1, 1, 0)",
Russia,1976,Historical,0.0,,,"(1, 1, 0)",
Russia,1977,Historical,0.0,,,"(1, 1, 0)",
Russia,1978,Historical,0.0,,,"(1, 1, 0)",
Russia,1979,Historical,0.0,,,"(1, 1, 0)",
Russia,1980,Historical,0.0,,,"(1, 1, 0)",
Russia,1981,Historical,0.0,,,"(1, 1, 0)",
Russia,1982,Historical,0.0,,,"(1, 1, 0)",
Russia,1983,Historical,0.0,,,"(1, 1, 0)",
Russia,1984,Historical,0.0,,,"(1, 1, 0)",
Russia,1985,Historical,0.0,,,"(1, 1, 0)",
Russia,1986,Historical,0.0,,,"(1, 1, 0)",
Russia,1987,Historical,0.0,,,"(1, 1, 0)",
Russia,1988,Historical,0.0,,,"(1, 1, 0)",
Russia,1989,Historical,0.0,,,"(1, 1, 0)",
Russia,1990,Historical,5781.0,,,"(1, 1, 0)",
Russia,1991,Historical,4614.0,,,"(1, 1, 0)",
Russia,1992,Historical,3723.0,,,"(1, 1, 0)",
Russia,1993,Historical,3430.0,,,"(1, 1, 0)",
Russia,1994,Historical,3445.0,,,"(1, 1, 0)",
Russia,1995,Historical,3375.0,,,"(1, 1, 0)",
Russia,1996,Historical,3607.0,,,"(1, 1, 0)",
Russia,1997,Historical,3686.0,,,"(1, 1, 0)",
Russia,1998,Historical,3774.0,,,"(1, 1, 0)",
Russia,1999,Historical,3666.0,,,"(1, 1, 0)",
Russia,2000,Historical,3961.0,,,"(1, 1, 0)",
Russia,2001,Historical,4367.0,,,"(1, 1, 0)",
Russia,2002,Historical,5106.0,,,"(1, 1, 0)",
Russia,2003,Historical,5904.0,,,"(1, 1, 0)",
Russia,2004,Historical,6579.0,,,"(1, 1, 0)",
Russia,2005,Historical,6735.0,,,"(1, 1, 0)",
Russia,2006,Historical,6729.0,,,"(1, 1, 0)",
Russia,2007,Historical,7061.0,,,"(1, 1, 0)",
Russia,2008,Historical,6781.0,,,"(1, 1, 0)",
Russia,2009,Historical,7001.0,,,"(1, 1, 0)",
Russia,2010,Historical,7213.0,,,"(1, 1, 0)",
Russia,2011,Historical,7309.0,,,"(1, 1, 0)",
Russia,2012,Historical,7288.0,,,"(1, 1, 0)",
Russia,2013,Historical,7414.0,,,"(1, 1, 0)",
Russia,2014,Historical,7200.0,,,"(1, 1, 0)",
Russia,2015,Historical,7703.0,,,"(1, 1, 0)",
Russia,2016,Historical,7670.0,,,"(1, 1, 0)",
Russia,2017,Historical,7711.9,,,"(1, 1, 0)",
Russia,2018,Historical,7931.2,,,"(1, 1, 0)",
Russia,2019,Historical,8103.9,,,"(1, 1, 0)",
Russia,2020,Historical,7245.8,,,"(1, 1, 0)",
Russia,2021,Historical,7200.9,,,"(1, 1, 0)",
Russia,2022,Historical,7456.0,,,"(1, 1, 0)",
Russia,2023,Historical,7574.4,,,"(1, 1, 0)",
Russia,2024,Forecast,7661.5,6812.6,8616.2,"(1, 1, 0)",11.3
Russia,2025,Forecast,7725.4,6111.9,9765.0,"(1, 1, 0)",11.3
Russia,2026,Forecast,7772.2,5458.0,11067.6,"(1, 1, 0)",11.3
Russia,2027,Forecast,7806.3,4879.3,12489.2,"(1, 1, 0)",11.3
Russia,2028,Forecast,7831.2,4378.5,14006.6,"(1, 1, 0)",11.3
Russia,2029,Forecast,7849.3,3948.6,15603.5,"(1, 1, 0)",11.3
Russia,2030,Forecast,7862.5,3579.9,17268.2,"(1, 1, 0)",11.3
Canada,1971,Historical,807.0,,,"(1, 1, 0)",
Canada,1972,Historical,1073.0,,,"(1, 1, 0)",
Canada,1973,Historical,1274.0,,,"(1, 1, 0)",
Canada,1974,Historical,1039.0,,,"(1, 1, 0)",
Canada,1975,Historical,877.0,,,"(1, 1, 0)",
Canada,1976,Historical,617.0,,,"(1, 1, 0)",
Canada,1977,Historical,500.0,,,"(1, 1, 0)",
Canada,1978,Historical,495.0,,,"(1, 1, 0)",
Canada,1979,Historical,535.0,,,"(1, 1, 0)",
Canada,1980,Historical,468.0,,,"(1, 1, 0)",
Canada,1981,Historical,416.0,,,"(1, 1, 0)",
Canada,1982,Historical,457.0,,,"(1, 1, 0)",
Canada,1983,Historical,545.0,,,"(1, 1, 0)",
Canada,1984,Historical,626.0,,,"(1, 1, 0)",
Canada,1985,Historical,779.0,,,"(1, 1, 0)",
Canada,1986,Historical,814.0,,,"(1, 1, 0)",
Canada,1987,Historical,881.0,,,"(1, 1, 0)",
Canada,1988,Historical,1081.0,,,"(1, 1, 0)",
Canada,1989,Historical,1004.0,,,"(1, 1, 0)",
Canada,1990,Historical,1038.0,,,"(1, 1, 0)",
Canada,1991,Historical,1172.0,,,"(1, 1, 0)",
Canada,1992,Historical,1222.0,,,"(1, 1, 0)",
Canada,1993,Historical,1323.0,,,"(1, 1, 0)",
Canada,1994,Historical,1394.0,,,"(1, 1, 0)",
Canada,1995,Historical,1517.0,,,"(1, 1, 0)",
Canada,1996,Historical,1644.0,,,"(1, 1, 0)",
Canada,1997,Historical,1765.0,,,"(1, 1, 0)",
Canada,1998,Historical,1890.0,,,"(1, 1, 0)",
Canada,1999,Historical,1800.0,,,"(1, 1, 0)",
Canada,2000,Historical,1929.0,,,"(1, 1, 0)",
Canada,2001,Historical,1980.0,,,"(1, 1, 0)",
Canada,2002,Historical,2109.0,,,"(1, 1, 0)",
Canada,2003,Historical,2176.0,,,"(1, 1, 0)",
Canada,2004,Historical,2265.0,,,"(1, 1, 0)",
Canada,2005,Historical,2184.0,,,"(1, 1, 0)",
Canada,2006,Historical,2335.0,,,"(1, 1, 0)",
Canada,2007,Historical,2394.0,,,"(1, 1, 0)",
Canada,2008,Historical,2427.0,,,"(1, 1, 0)",
Canada,2009,Historical,2405.0,,,"(1, 1, 0)",
Canada,2010,Historical,2468.0,,,"(1, 1, 0)",
Canada,2011,Historical,2708.0,,,"(1, 1, 0)",
Canada,2012,Historical,2985.0,,,"(1, 1, 0)",
Canada,2013,Historical,3261.0,,,"(1, 1, 0)",
Canada,2014,Historical,3445.0,,,"(1, 1, 0)",
Canada,2015,Historical,3653.0,,,"(1, 1, 0)",
Canada,2016,Historical,3806.0,,,"(1, 1, 0)",
Canada,2017,Historical,4021.3,,,"(1, 1, 0)",
Canada,2018,Historical,4330.2,,,"(1, 1, 0)",
Canada,2019,Historical,4577.8,,,"(1, 1, 0)",
Canada,2020,Historical,4325.6,,,"(1, 1, 0)",
Canada,2021,Historical,4554.9,,,"(1, 1, 0)",
Canada,2022,Historical,4621.9,,,"(1, 1, 0)",
Canada,2023,Historical,4711.6,,,"(1, 1, 0)",
Canada,2024,Forecast,4761.6,3939.7,5755.0,"(1, 1, 0)",2.8
Canada,2025,Forecast,4789.4,3376.7,6793.0,"(1, 1, 0)",2.8
Canada,2026,Forecast,4804.7,2927.9,7884.5,"(1, 1, 0)",2.8
Canada,2027,Forecast,4813.1,2574.2,8999.3,"(1, 1, 0)",2.8
Canada,2028,Forecast,4817.8,2292.6,10124.2,"(1, 1, 0)",2.8
Canada,2029,Forecast,4820.3,2064.5,11254.9,"(1, 1, 0)",2.8
Canada,2030,Forecast,4821.8,1876.2,12391.7,"(1, 1, 0)",2.8
UAE,1971,Historical,1022.0,,,"(0, 1, 3)",
UAE,1972,Historical,1157.0,,,"(0, 1, 3)",
UAE,1973,Historical,1478.0,,,"(0, 1, 3)",
UAE,1974,Historical,1619.0,,,"(0, 1, 3)",
UAE,1975,Historical,1635.0,,,"(0, 1, 3)",
UAE,1976,Historical,1873.0,,,"(0, 1, 3)",
UAE,1977,Historical,1930.0,,,"(0, 1, 3)",
UAE,1978,Historical,1770.0,,,"(0, 1, 3)",
UAE,1979,Historical,1780.0,,,"(0, 1, 3)",
UAE,1980,Historical,1645.0,,,"(0, 1, 3)",
UAE,1981,Historical,1446.0,,,"(0, 1, 3)",
UAE,1982,Historical,1191.0,,,"(0, 1, 3)",
UAE,1983,Historical,1136.0,,,"(0, 1, 3)",
UAE,1984,Historical,1033.0,,,"(0, 1, 3)",
UAE,1985,Historical,970.0,,,"(0, 1, 3)",
UAE,1986,Historical,1122.0,,,"(0, 1, 3)",
UAE,1987,Historical,1234.0,,,"(0, 1, 3)",
UAE,1988,Historical,1289.0,,,"(0, 1, 3)",
UAE,1989,Historical,1604.0,,,"(0, 1, 3)",
UAE,1990,Historical,1790.0,,,"(0, 1, 3)",
UAE,1991,Historical,2072.0,,,"(0, 1, 3)",
UAE,1992,Historical,2227.0,,,"(0, 1, 3)",
UAE,1993,Historical,2162.0,,,"(0, 1, 3)",
UAE,1994,Historical,2129.0,,,"(0, 1, 3)",
UAE,1995,Historical,2135.0,,,"(0, 1, 3)",
UAE,1996,Historical,2117.0,,,"(0, 1, 3)",
UAE,1997,Historical,2250.0,,,"(0, 1, 3)",
UAE,1998,Historical,2324.0,,,"(0, 1, 3)",
UAE,1999,Historical,2181.0,,,"(0, 1, 3)",
UAE,2000,Historical,2487.0,,,"(0, 1, 3)",
UAE,2001,Historical,2216.0,,,"(0, 1, 3)",
UAE,2002,Historical,2097.0,,,"(0, 1, 3)",
UAE,2003,Historical,2436.0,,,"(0, 1, 3)",
UAE,2004,Historical,2647.0,,,"(0, 1, 3)",
UAE,2005,Historical,2735.0,,,"(0, 1, 3)",
UAE,2006,Historical,2852.0,,,"(0, 1, 3)",
UAE,2007,Historical,2806.0,,,"(0, 1, 3)",
UAE,2008,Historical,2863.0,,,"(0, 1, 3)",
UAE,2009,Historical,2543.0,,,"(0, 1, 3)",
UAE,2010,Historical,2767.0,,,"(0, 1, 3)",
UAE,2011,Historical,3185.0,,,"(0, 1, 3)",
UAE,2012,Historical,3332.0,,,"(0, 1, 3)",
UAE,2013,Historical,3550.0,,,"(0, 1, 3)",
UAE,2014,Historical,3177.0,,,"(0, 1, 3)",
UAE,2015,Historical,3356.0,,,"(0, 1, 3)",
UAE,2016,Historical,3321.0,,,"(0, 1, 3)",
UAE,2017,Historical,3338.4,,,"(0, 1, 3)",
UAE,2018,Historical,3276.5,,,"(0, 1, 3)",
UAE,2019,Historical,3447.9,,,"(0, 1, 3)",
UAE,2020,Historical,3493.0,,,"(0, 1, 3)",
UAE,2021,Historical,3468.7,,,"(0, 1, 3)",
UAE,2022,Historical,3884.1,,,"(0, 1, 3)",
UAE,2023,Historical,3808.1,,,"(0, 1, 3)",
UAE,2024,Forecast,3908.0,3339.4,4573.3,"(0, 1, 3)",11.4
UAE,2025,Forecast,4020.8,3109.6,5198.8,"(0, 1, 3)",11.4
UAE,2026,Forecast,3911.5,2735.6,5592.8,"(0, 1, 3)",11.4
UAE,2027,Forecast,3911.5,2397.8,6380.8,"(0, 1, 3)",11.4
UAE,2028,Forecast,3911.5,2162.7,7074.4,"(0, 1, 3)",11.4
UAE,2029,Forecast,3911.5,1981.1,7722.9,"(0, 1, 3)",11.4
UAE,2030,Forecast,3911.5,1833.1,8346.3,"(0, 1, 3)",11.4
Iraq,1971,Historical,1621.0,,,"(0, 1, 0)",
Iraq,1972,Historical,1395.0,,,"(0, 1, 0)",
Iraq,1973,Historical,1934.0,,,"(0, 1, 0)",
Iraq,1974,Historical,1891.0,,,"(0, 1, 0)",
Iraq,1975,Historical,2126.0,,,"(0, 1, 0)",
Iraq,1976,Historical,2254.0,,,"(0, 1, 0)",
Iraq,1977,Historical,2207.0,,,"(0, 1, 0)",
Iraq,1978,Historical,2398.0,,,"(0, 1, 0)",
Iraq,1979,Historical,3289.0,,,"(0, 1, 0)",
Iraq,1980,Historical,2482.0,,,"(0, 1, 0)",
Iraq,1981,Historical,735.0,,,"(0, 1, 0)",
Iraq,1982,Historical,842.0,,,"(0, 1, 0)",
Iraq,1983,Historical,761.0,,,"(0, 1, 0)",
Iraq,1984,Historical,950.0,,,"(0, 1, 0)",
Iraq,1985,Historical,1157.0,,,"(0, 1, 0)",
Iraq,1986,Historical,1401.0,,,"(0, 1, 0)",
Iraq,1987,Historical,1807.0,,,"(0, 1, 0)",
Iraq,1988,Historical,2386.0,,,"(0, 1, 0)",
Iraq,1989,Historical,2436.0,,,"(0, 1, 0)",
Iraq,1990,Historical,1776.0,,,"(0, 1, 0)",
Iraq,1991,Historical,74.0,,,"(0, 1, 0)",
Iraq,1992,Historical,106.0,,,"(0, 1, 0)",
Iraq,1993,Historical,111.0,,,"(0, 1, 0)",
Iraq,1994,Historical,122.0,,,"(0, 1, 0)",
Iraq,1995,Historical,131.0,,,"(0, 1, 0)",
Iraq,1996,Historical,157.0,,,"(0, 1, 0)",
Iraq,1997,Historical,791.0,,,"(0, 1, 0)",
Iraq,1998,Historical,1647.0,,,"(0, 1, 0)",
Iraq,1999,Historical,2153.0,,,"(0, 1, 0)",
Iraq,2000,Historical,2136.0,,,"(0, 1, 0)",
Iraq,2001,Historical,2076.0,,,"(0, 1, 0)",
Iraq,2002,Historical,1715.0,,,"(0, 1, 0)",
Iraq,2003,Historical,1095.0,,,"(0, 1, 0)",
Iraq,2004,Historical,1557.0,,,"(0, 1, 0)",
Iraq,2005,Historical,1456.0,,,"(0, 1, 0)",
Iraq,2006,Historical,1558.0,,,"(0, 1, 0)",
Iraq,2007,Historical,1677.0,,,"(0, 1, 0)",
Iraq,2008,Historical,1837.0,,,"(0, 1, 0)",
Iraq,2009,Historical,1946.0,,,"(0, 1, 0)",
Iraq,2010,Historical,1907.0,,,"(0, 1, 0)",
Iraq,2011,Historical,2171.0,,,"(0, 1, 0)",
Iraq,2012,Historical,2422.0,,,"(0, 1, 0)",
Iraq,2013,Historical,2386.0,,,"(0, 1, 0)",
Iraq,2014,Historical,2531.0,,,"(0, 1, 0)",
Iraq,2015,Historical,3041.0,,,"(0, 1, 0)",
Iraq,2016,Historical,3817.0,,,"(0, 1, 0)",
Iraq,2017,Historical,3886.5,,,"(0, 1, 0)",
Iraq,2018,Historical,3907.9,,,"(0, 1, 0)",
Iraq,2019,Historical,4072.5,,,"(0, 1, 0)",
Iraq,2020,Historical,3527.8,,,"(0, 1, 0)",
Iraq,2021,Historical,3412.1,,,"(0, 1, 0)",
Iraq,2022,Historical,3670.9,,,"(0, 1, 0)",
Iraq,2023,Historical,3410.7,,,"(0, 1, 0)",
Iraq,2024,Forecast,3410.7,1140.1,10203.4,"(0, 1, 0)",10.1
Iraq,2025,Forecast,3410.7,724.1,16064.5,"(0, 1, 0)",10.1
Iraq,2026,Forecast,3410.7,511.2,22757.5,"(0, 1, 0)",10.1
Iraq,2027,Forecast,3410.7,381.1,30523.9,"(0, 1, 0)",10.1
Iraq,2028,Forecast,3410.7,294.2,39535.2,"(0, 1, 0)",10.1
Iraq,2029,Forecast,3410.7,232.9,49951.7,"(0, 1, 0)",10.1
Iraq,2030,Forecast,3410.7,187.8,61937.0,"(0, 1, 0)",10.1
Kuwait,1971,Historical,3077.0,,,"(0, 1, 2)",
Kuwait,1972,Historical,3253.0,,,"(0, 1, 2)",
Kuwait,1973,Historical,2982.0,,,"(0, 1, 2)",
Kuwait,1974,Historical,2527.0,,,"(0, 1, 2)",
Kuwait,1975,Historical,2105.0,,,"(0, 1, 2)",
Kuwait,1976,Historical,2129.0,,,"(0, 1, 2)",
Kuwait,1977,Historical,1929.0,,,"(0, 1, 2)",
Kuwait,1978,Historical,2073.0,,,"(0, 1, 2)",
Kuwait,1979,Historical,2513.0,,,"(0, 1, 2)",
Kuwait,1980,Historical,1567.0,,,"(0, 1, 2)",
Kuwait,1981,Historical,1017.0,,,"(0, 1, 2)",
Kuwait,1982,Historical,679.0,,,"(0, 1, 2)",
Kuwait,1983,Historical,934.0,,,"(0, 1, 2)",
Kuwait,1984,Historical,1081.0,,,"(0, 1, 2)",
Kuwait,1985,Historical,942.0,,,"(0, 1, 2)",
Kuwait,1986,Historical,1006.0,,,"(0, 1, 2)",
Kuwait,1987,Historical,1128.0,,,"(0, 1, 2)",
Kuwait,1988,Historical,1307.0,,,"(0, 1, 2)",
Kuwait,1989,Historical,1565.0,,,"(0, 1, 2)",
Kuwait,1990,Historical,864.0,,,"(0, 1, 2)",
Kuwait,1991,Historical,152.0,,,"(0, 1, 2)",
Kuwait,1992,Historical,993.0,,,"(0, 1, 2)",
Kuwait,1993,Historical,1861.0,,,"(0, 1, 2)",
Kuwait,1994,Historical,1970.0,,,"(0, 1, 2)",
Kuwait,1995,Historical,1984.0,,,"(0, 1, 2)",
Kuwait,1996,Historical,1989.0,,,"(0, 1, 2)",
Kuwait,1997,Historical,1991.0,,,"(0, 1, 2)",
Kuwait,1998,Historical,1992.0,,,"(0, 1, 2)",
Kuwait,1999,Historical,1787.0,,,"(0, 1, 2)",
Kuwait,2000,Historical,1900.0,,,"(0, 1, 2)",
Kuwait,2001,Historical,1834.0,,,"(0, 1, 2)",
Kuwait,2002,Historical,1613.0,,,"(0, 1, 2)",
Kuwait,2003,Historical,1978.0,,,"(0, 1, 2)",
Kuwait,2004,Historical,2137.0,,,"(0, 1, 2)",
Kuwait,2005,Historical,2371.0,,,"(0, 1, 2)",
Kuwait,2006,Historical,2488.0,,,"(0, 1, 2)",
Kuwait,2007,Historical,2400.0,,,"(0, 1, 2)",
Kuwait,2008,Historical,2484.0,,,"(0, 1, 2)",
Kuwait,2009,Historical,2022.0,,,"(0, 1, 2)",
Kuwait,2010,Historical,2098.0,,,"(0, 1, 2)",
Kuwait,2011,Historical,2488.0,,,"(0, 1, 2)",
Kuwait,2012,Historical,2788.0,,,"(0, 1, 2)",
Kuwait,2013,Historical,2762.0,,,"(0, 1, 2)",
Kuwait,2014,Historical,2774.0,,,"(0, 1, 2)",
Kuwait,2015,Historical,2723.0,,,"(0, 1, 2)",
Kuwait,2016,Historical,2841.0,,,"(0, 1, 2)",
Kuwait,2017,Historical,2613.3,,,"(0, 1, 2)",
Kuwait,2018,Historical,2666.4,,,"(0, 1, 2)",
Kuwait,2019,Historical,2606.0,,,"(0, 1, 2)",
Kuwait,2020,Historical,2408.8,,,"(0, 1, 2)",
Kuwait,2021,Historical,2471.1,,,"(0, 1, 2)",
Kuwait,2022,Historical,2548.0,,,"(0, 1, 2)",
Kuwait,2023,Historical,2523.5,,,"(0, 1, 2)",
Kuwait,2024,Forecast,2527.1,1229.3,5195.2,"(0, 1, 2)",6.7
Kuwait,2025,Forecast,2536.4,1023.2,6287.7,"(0, 1, 2)",6.7
Kuwait,2026,Forecast,2536.4,974.6,6601.3,"(0, 1, 2)",6.7
Kuwait,2027,Forecast,2536.4,930.5,6914.2,"(0, 1, 2)",6.7
Kuwait,2028,Forecast,2536.4,890.2,7227.1,"(0, 1, 2)",6.7
Kuwait,2029,Forecast,2536.4,853.2,7540.6,"(0, 1, 2)",6.7
Kuwait,2030,Forecast,2536.4,819.0,7855.2,"(0, 1, 2)",6.7
Netherlands,1971,Historical,697.0,,,"(0, 1, 0)",
Netherlands,1972,Historical,763.0,,,"(0, 1, 0)",
Netherlands,1973,Historical,853.0,,,"(0, 1, 0)",
Netherlands,1974,Historical,804.0,,,"(0, 1, 0)",
Netherlands,1975,Historical,680.0,,,"(0, 1, 0)",
Netherlands,1976,Historical,741.0,,,"(0, 1, 0)",
Netherlands,1977,Historical,671.0,,,"(0, 1, 0)",
Netherlands,1978,Historical,663.0,,,"(0, 1, 0)",
Netherlands,1979,Historical,795.0,,,"(0, 1, 0)",
Netherlands,1980,Historical,861.0,,,"(0, 1, 0)",
Netherlands,1981,Historical,845.0,,,"(0, 1, 0)",
Netherlands,1982,Historical,972.0,,,"(0, 1, 0)",
Netherlands,1983,Historical,1079.0,,,"(0, 1, 0)",
Netherlands,1984,Historical,1096.0,,,"(0, 1, 0)",
Netherlands,1985,Historical,1111.0,,,"(0, 1, 0)",
Netherlands,1986,Historical,1217.0,,,"(0, 1, 0)",
Netherlands,1987,Historical,1206.0,,,"(0, 1, 0)",
Netherlands,1988,Historical,1178.0,,,"(0, 1, 0)",
Netherlands,1989,Historical,1265.0,,,"(0, 1, 0)",
Netherlands,1990,Historical,1231.0,,,"(0, 1, 0)",
Netherlands,1991,Historical,1203.0,,,"(0, 1, 0)",
Netherlands,1992,Historical,1130.0,,,"(0, 1, 0)",
Netherlands,1993,Historical,1175.0,,,"(0, 1, 0)",
Netherlands,1994,Historical,1127.0,,,"(0, 1, 0)",
Netherlands,1995,Historical,1175.0,,,"(0, 1, 0)",
Netherlands,1996,Historical,1177.0,,,"(0, 1, 0)",
Netherlands,1997,Historical,1244.0,,,"(0, 1, 0)",
Netherlands,1998,Historical,1217.0,,,"(0, 1, 0)",
Netherlands,1999,Historical,1212.0,,,"(0, 1, 0)",
Netherlands,2000,Historical,1295.0,,,"(0, 1, 0)",
Netherlands,2001,Historical,1331.0,,,"(0, 1, 0)",
Netherlands,2002,Historical,1324.0,,,"(0, 1, 0)",
Netherlands,2003,Historical,1325.0,,,"(0, 1, 0)",
Netherlands,2004,Historical,1487.0,,,"(0, 1, 0)",
Netherlands,2005,Historical,1603.0,,,"(0, 1, 0)",
Netherlands,2006,Historical,1689.0,,,"(0, 1, 0)",
Netherlands,2007,Historical,1611.0,,,"(0, 1, 0)",
Netherlands,2008,Historical,1696.0,,,"(0, 1, 0)",
Netherlands,2009,Historical,1887.0,,,"(0, 1, 0)",
Netherlands,2010,Historical,2091.0,,,"(0, 1, 0)",
Netherlands,2011,Historical,2059.0,,,"(0, 1, 0)",
Netherlands,2012,Historical,2130.0,,,"(0, 1, 0)",
Netherlands,2013,Historical,2118.0,,,"(0, 1, 0)",
Netherlands,2014,Historical,2104.0,,,"(0, 1, 0)",
Netherlands,2015,Historical,2333.0,,,"(0, 1, 0)",
Netherlands,2016,Historical,2376.0,,,"(0, 1, 0)",
Netherlands,2017,Historical,2420.2,,,"(0, 1, 0)",
Netherlands,2018,Historical,2408.2,,,"(0, 1, 0)",
Netherlands,2019,Historical,2316.2,,,"(0, 1, 0)",
Netherlands,2020,Historical,1951.9,,,"(0, 1, 0)",
Netherlands,2021,Historical,2293.2,,,"(0, 1, 0)",
Netherlands,2022,Historical,2264.8,,,"(0, 1, 0)",
Netherlands,2023,Historical,2236.8,,,"(0, 1, 0)",
Netherlands,2024,Forecast,2236.8,1931.5,2590.4,"(0, 1, 0)",9.3
Netherlands,2025,Forecast,2236.8,1817.6,2752.7,"(0, 1, 0)",9.3
Netherlands,2026,Forecast,2236.8,1734.8,2884.2,"(0, 1, 0)",9.3
Netherlands,2027,Forecast,2236.8,1667.9,2999.8,"(0, 1, 0)",9.3
Netherlands,2028,Forecast,2236.8,1611.1,3105.6,"(0, 1, 0)",9.3
Netherlands,2029,Forecast,2236.8,1561.5,3204.4,"(0, 1, 0)",9.3
Netherlands,2030,Forecast,2236.8,1517.1,3298.0,"(0, 1, 0)",9.3
Norway,1971,Historical,39.0,,,"(3, 1, 1)",
Norway,1972,Historical,77.0,,,"(3, 1, 1)",
Norway,1973,Historical,73.0,,,"(3, 1, 1)",
Norway,1974,Historical,81.0,,,"(3, 1, 1)",
Norway,1975,Historical,208.0,,,"(3, 1, 1)",
Norway,1976,Historical,324.0,,,"(3, 1, 1)",
Norway,1977,Historical,282.0,,,"(3, 1, 1)",
Norway,1978,Historical,360.0,,,"(3, 1, 1)",
Norway,1979,Historical,385.0,,,"(3, 1, 1)",
Norway,1980,Historical,458.0,,,"(3, 1, 1)",
Norway,1981,Historical,437.0,,,"(3, 1, 1)",
Norway,1982,Historical,443.0,,,"(3, 1, 1)",
Norway,1983,Historical,557.0,,,"(3, 1, 1)",
Norway,1984,Historical,647.0,,,"(3, 1, 1)",
Norway,1985,Historical,702.0,,,"(3, 1, 1)",
Norway,1986,Historical,787.0,,,"(3, 1, 1)",
Norway,1987,Historical,935.0,,,"(3, 1, 1)",
Norway,1988,Historical,1058.0,,,"(3, 1, 1)",
Norway,1989,Historical,1419.0,,,"(3, 1, 1)",
Norway,1990,Historical,1551.0,,,"(3, 1, 1)",
Norway,1991,Historical,1814.0,,,"(3, 1, 1)",
Norway,1992,Historical,2066.0,,,"(3, 1, 1)",
Norway,1993,Historical,2222.0,,,"(3, 1, 1)",
Norway,1994,Historical,2540.0,,,"(3, 1, 1)",
Norway,1995,Historical,2743.0,,,"(3, 1, 1)",
Norway,1996,Historical,3073.0,,,"(3, 1, 1)",
Norway,1997,Historical,3117.0,,,"(3, 1, 1)",
Norway,1998,Historical,2984.0,,,"(3, 1, 1)",
Norway,1999,Historical,2955.0,,,"(3, 1, 1)",
Norway,2000,Historical,3160.0,,,"(3, 1, 1)",
Norway,2001,Historical,3282.0,,,"(3, 1, 1)",
Norway,2002,Historical,3150.0,,,"(3, 1, 1)",
Norway,2003,Historical,3019.0,,,"(3, 1, 1)",
Norway,2004,Historical,2963.0,,,"(3, 1, 1)",
Norway,2005,Historical,2733.0,,,"(3, 1, 1)",
Norway,2006,Historical,2525.0,,,"(3, 1, 1)",
Norway,2007,Historical,2399.0,,,"(3, 1, 1)",
Norway,2008,Historical,2220.0,,,"(3, 1, 1)",
Norway,2009,Historical,2170.0,,,"(3, 1, 1)",
Norway,2010,Historical,1944.0,,,"(3, 1, 1)",
Norway,2011,Historical,1864.0,,,"(3, 1, 1)",
Norway,2012,Historical,1722.0,,,"(3, 1, 1)",
Norway,2013,Historical,1648.0,,,"(3, 1, 1)",
Norway,2014,Historical,1707.0,,,"(3, 1, 1)",
Norway,2015,Historical,1872.0,,,"(3, 1, 1)",
Norway,2016,Historical,1857.0,,,"(3, 1, 1)",
Norway,2017,Historical,1865.1,,,"(3, 1, 1)",
Norway,2018,Historical,1763.7,,,"(3, 1, 1)",
Norway,2019,Historical,1710.3,,,"(3, 1, 1)",
Norway,2020,Historical,1952.7,,,"(3, 1, 1)",
Norway,2021,Historical,2022.8,,,"(3, 1, 1)",
Norway,2022,Historical,1907.9,,,"(3, 1, 1)",
Norway,2023,Historical,2032.9,,,"(3, 1, 1)",
Norway,2024,Forecast,2213.7,1686.2,2906.2,"(3, 1, 1)",10.0
Norway,2025,Forecast,2185.2,1388.0,3440.2,"(3, 1, 1)",10.0
Norway,2026,Forecast,2183.7,1264.5,3771.0,"(3, 1, 1)",10.0
Norway,2027,Forecast,2333.0,1171.6,4645.8,"(3, 1, 1)",10.0
Norway,2028,Forecast,2416.2,977.3,5973.3,"(3, 1, 1)",10.0
Norway,2029,Forecast,2401.2,808.0,7136.1,"(3, 1, 1)",10.0
Norway,2030,Forecast,2468.7,702.4,8676.2,"(3, 1, 1)",10.0
Brazil,1971,Historical,19.0,,,"(0, 1, 1)",
Brazil,1972,Historical,46.0,,,"(0, 1, 1)",
Brazil,1973,Historical,62.0,,,"(0, 1, 1)",
Brazil,1974,Historical,61.0,,,"(0, 1, 1)",
Brazil,1975,Historical,51.0,,,"(0, 1, 1)",
Brazil,1976,Historical,68.0,,,"(0, 1, 1)",
Brazil,1977,Historical,47.0,,,"(0, 1, 1)",
Brazil,1978,Historical,38.0,,,"(0, 1, 1)",
Brazil,1979,Historical,17.0,,,"(0, 1, 1)",
Brazil,1980,Historical,26.0,,,"(0, 1, 1)",
Brazil,1981,Historical,83.0,,,"(0, 1, 1)",
Brazil,1982,Historical,117.0,,,"(0, 1, 1)",
Brazil,1983,Historical,106.0,,,"(0, 1, 1)",
Brazil,1984,Historical,167.0,,,"(0, 1, 1)",
Brazil,1985,Historical,150.0,,,"(0, 1, 1)",
Brazil,1986,Historical,115.0,,,"(0, 1, 1)",
Brazil,1987,Historical,139.0,,,"(0, 1, 1)",
Brazil,1988,Historical,148.0,,,"(0, 1, 1)",
Brazil,1989,Historical,118.0,,,"(0, 1, 1)",
Brazil,1990,Historical,79.0,,,"(0, 1, 1)",
Brazil,1991,Historical,61.0,,,"(0, 1, 1)",
Brazil,1992,Historical,74.0,,,"(0, 1, 1)",
Brazil,1993,Historical,114.0,,,"(0, 1, 1)",
Brazil,1994,Historical,103.0,,,"(0, 1, 1)",
Brazil,1995,Historical,55.0,,,"(0, 1, 1)",
Brazil,1996,Historical,40.0,,,"(0, 1, 1)",
Brazil,1997,Historical,45.0,,,"(0, 1, 1)",
Brazil,1998,Historical,85.0,,,"(0, 1, 1)",
Brazil,1999,Historical,76.0,,,"(0, 1, 1)",
Brazil,2000,Historical,117.0,,,"(0, 1, 1)",
Brazil,2001,Historical,253.0,,,"(0, 1, 1)",
Brazil,2002,Historical,390.0,,,"(0, 1, 1)",
Brazil,2003,Historical,410.0,,,"(0, 1, 1)",
Brazil,2004,Historical,412.0,,,"(0, 1, 1)",
Brazil,2005,Historical,451.0,,,"(0, 1, 1)",
Brazil,2006,Historical,554.0,,,"(0, 1, 1)",
Brazil,2007,Historical,614.0,,,"(0, 1, 1)",
Brazil,2008,Historical,590.0,,,"(0, 1, 1)",
Brazil,2009,Historical,680.0,,,"(0, 1, 1)",
Brazil,2010,Historical,755.0,,,"(0, 1, 1)",
Brazil,2011,Historical,727.0,,,"(0, 1, 1)",
Brazil,2012,Historical,647.0,,,"(0, 1, 1)",
Brazil,2013,Historical,528.0,,,"(0, 1, 1)",
Brazil,2014,Historical,643.0,,,"(0, 1, 1)",
Brazil,2015,Historical,849.0,,,"(0, 1, 1)",
Brazil,2016,Historical,951.0,,,"(0, 1, 1)",
Brazil,2017,Historical,1153.0,,,"(0, 1, 1)",
Brazil,2018,Historical,1240.2,,,"(0, 1, 1)",
Brazil,2019,Historical,1391.1,,,"(0, 1, 1)",
Brazil,2020,Historical,1628.4,,,"(0, 1, 1)",
Brazil,2021,Historical,1486.9,,,"(0, 1, 1)",
Brazil,2022,Historical,1601.0,,,"(0, 1, 1)",
Brazil,2023,Historical,1945.7,,,"(0, 1, 1)",
Brazil,2024,Forecast,2066.6,1087.5,3927.3,"(0, 1, 1)",22.2
Brazil,2025,Forecast,2066.6,666.0,6412.2,"(0, 1, 1)",22.2
Brazil,2026,Forecast,2066.6,476.6,8960.9,"(0, 1, 1)",22.2
Brazil,2027,Forecast,2066.6,363.3,11754.8,"(0, 1, 1)",22.2
Brazil,2028,Forecast,2066.6,287.4,14859.8,"(0, 1, 1)",22.2
Brazil,2029,Forecast,2066.6,233.1,18320.6,"(0, 1, 1)",22.2
Brazil,2030,Forecast,2066.6,192.6,22175.6,"(0, 1, 1)",22.2
Iran,1971,Historical,4246.0,,,"(1, 0, 1)",
Iran,1972,Historical,4749.0,,,"(1, 0, 1)",
Iran,1973,Historical,5521.0,,,"(1, 0, 1)",
Iran,1974,Historical,5613.0,,,"(1, 0, 1)",
Iran,1975,Historical,4909.0,,,"(1, 0, 1)",
Iran,1976,Historical,5393.0,,,"(1, 0, 1)",
Iran,1977,Historical,5003.0,,,"(1, 0, 1)",
Iran,1978,Historical,3885.0,,,"(1, 0, 1)",
Iran,1979,Historical,2979.0,,,"(1, 0, 1)",
Iran,1980,Historical,866.0,,,"(1, 0, 1)",
Iran,1981,Historical,798.0,,,"(1, 0, 1)",
Iran,1982,Historical,1672.0,,,"(1, 0, 1)",
Iran,1983,Historical,1980.0,,,"(1, 0, 1)",
Iran,1984,Historical,1551.0,,,"(1, 0, 1)",
Iran,1985,Historical,1592.0,,,"(1, 0, 1)",
Iran,1986,Historical,1160.0,,,"(1, 0, 1)",
Iran,1987,Historical,1671.0,,,"(1, 0, 1)",
Iran,1988,Historical,1861.0,,,"(1, 0, 1)",
Iran,1989,Historical,2114.0,,,"(1, 0, 1)",
Iran,1990,Historical,2444.0,,,"(1, 0, 1)",
Iran,1991,Historical,2573.0,,,"(1, 0, 1)",
Iran,1992,Historical,2820.0,,,"(1, 0, 1)",
Iran,1993,Historical,2891.0,,,"(1, 0, 1)",
Iran,1994,Historical,2708.0,,,"(1, 0, 1)",
Iran,1995,Historical,2745.0,,,"(1, 0, 1)",
Iran,1996,Historical,2744.0,,,"(1, 0, 1)",
Iran,1997,Historical,2577.0,,,"(1, 0, 1)",
Iran,1998,Historical,2642.0,,,"(1, 0, 1)",
Iran,1999,Historical,2515.0,,,"(1, 0, 1)",
Iran,2000,Historical,2699.0,,,"(1, 0, 1)",
Iran,2001,Historical,2456.0,,,"(1, 0, 1)",
Iran,2002,Historical,2519.0,,,"(1, 0, 1)",
Iran,2003,Historical,2984.0,,,"(1, 0, 1)",
Iran,2004,Historical,3016.0,,,"(1, 0, 1)",
Iran,2005,Historical,2917.0,,,"(1, 0, 1)",
Iran,2006,Historical,3061.0,,,"(1, 0, 1)",
Iran,2007,Historical,3105.0,,,"(1, 0, 1)",
Iran,2008,Historical,2902.0,,,"(1, 0, 1)",
Iran,2009,Historical,2803.0,,,"(1, 0, 1)",
Iran,2010,Historical,2886.0,,,"(1, 0, 1)",
Iran,2011,Historical,2868.0,,,"(1, 0, 1)",
Iran,2012,Historical,1640.0,,,"(1, 0, 1)",
Iran,2013,Historical,1555.0,,,"(1, 0, 1)",
Iran,2014,Historical,1337.0,,,"(1, 0, 1)",
Iran,2015,Historical,1554.0,,,"(1, 0, 1)",
Iran,2016,Historical,2675.0,,,"(1, 0, 1)",
Iran,2017,Historical,2695.1,,,"(1, 0, 1)",
Iran,2018,Historical,2398.3,,,"(1, 0, 1)",
Iran,2019,Historical,1296.8,,,"(1, 0, 1)",
Iran,2020,Historical,1036.3,,,"(1, 0, 1)",
Iran,2021,Historical,1319.3,,,"(1, 0, 1)",
Iran,2022,Historical,1481.2,,,"(1, 0, 1)",
Iran,2023,Historical,1592.9,,,"(1, 0, 1)",
Iran,2024,Forecast,1779.3,1101.2,2875.1,"(1, 0, 1)",88.3
Iran,2025,Forecast,1951.7,944.6,4032.6,"(1, 0, 1)",88.3
Iran,2026,Forecast,2079.9,919.2,4706.5,"(1, 0, 1)",88.3
Iran,2027,Forecast,2173.0,922.9,5116.0,"(1, 0, 1)",88.3
Iran,2028,Forecast,2239.4,934.0,5368.8,"(1, 0, 1)",88.3
Iran,2029,Forecast,2286.2,945.6,5527.6,"(1, 0, 1)",88.3
Iran,2030,Forecast,2319.0,955.3,5629.2,"(1, 0, 1)",88.3
Singapore,1971,Historical,308.0,,,"(1, 1, 0)",
Singapore,1972,Historical,325.0,,,"(1, 1, 0)",
Singapore,1973,Historical,337.0,,,"(1, 1, 0)",
Singapore,1974,Historical,370.0,,,"(1, 1, 0)",
Singapore,1975,Historical,300.0,,,"(1, 1, 0)",
Singapore,1976,Historical,336.0,,,"(1, 1, 0)",
Singapore,1977,Historical,410.0,,,"(1, 1, 0)",
Singapore,1978,Historical,403.0,,,"(1, 1, 0)",
Singapore,1979,Historical,449.0,,,"(1, 1, 0)",
Singapore,1980,Historical,575.0,,,"(1, 1, 0)",
Singapore,1981,Historical,667.0,,,"(1, 1, 0)",
Singapore,1982,Historical,740.0,,,"(1, 1, 0)",
Singapore,1983,Historical,754.0,,,"(1, 1, 0)",
Singapore,1984,Historical,618.0,,,"(1, 1, 0)",
Singapore,1985,Historical,586.0,,,"(1, 1, 0)",
Singapore,1986,Historical,584.0,,,"(1, 1, 0)",
Singapore,1987,Historical,583.0,,,"(1, 1, 0)",
Singapore,1988,Historical,655.0,,,"(1, 1, 0)",
Singapore,1989,Historical,677.0,,,"(1, 1, 0)",
Singapore,1990,Historical,740.0,,,"(1, 1, 0)",
Singapore,1991,Historical,755.0,,,"(1, 1, 0)",
Singapore,1992,Historical,813.0,,,"(1, 1, 0)",
Singapore,1993,Historical,880.0,,,"(1, 1, 0)",
Singapore,1994,Historical,961.0,,,"(1, 1, 0)",
Singapore,1995,Historical,981.0,,,"(1, 1, 0)",
Singapore,1996,Historical,1046.0,,,"(1, 1, 0)",
Singapore,1997,Historical,973.0,,,"(1, 1, 0)",
Singapore,1998,Historical,969.0,,,"(1, 1, 0)",
Singapore,1999,Historical,940.0,,,"(1, 1, 0)",
Singapore,2000,Historical,845.0,,,"(1, 1, 0)",
Singapore,2001,Historical,840.0,,,"(1, 1, 0)",
Singapore,2002,Historical,907.0,,,"(1, 1, 0)",
Singapore,2003,Historical,980.0,,,"(1, 1, 0)",
Singapore,2004,Historical,1082.0,,,"(1, 1, 0)",
Singapore,2005,Historical,1287.0,,,"(1, 1, 0)",
Singapore,2006,Historical,1341.0,,,"(1, 1, 0)",
Singapore,2007,Historical,1439.0,,,"(1, 1, 0)",
Singapore,2008,Historical,1562.0,,,"(1, 1, 0)",
Singapore,2009,Historical,1665.0,,,"(1, 1, 0)",
Singapore,2010,Historical,1768.0,,,"(1, 1, 0)",
Singapore,2011,Historical,1882.0,,,"(1, 1, 0)",
Singapore,2012,Historical,1688.0,,,"(1, 1, 0)",
Singapore,2013,Historical,1696.0,,,"(1, 1, 0)",
Singapore,2014,Historical,1716.0,,,"(1, 1, 0)",
Singapore,2015,Historical,1820.0,,,"(1, 1, 0)",
Singapore,2016,Historical,1955.0,,,"(1, 1, 0)",
Singapore,2017,Historical,2027.5,,,"(1, 1, 0)",
Singapore,2018,Historical,1695.5,,,"(1, 1, 0)",
Singapore,2019,Historical,1703.9,,,"(1, 1, 0)",
Singapore,2020,Historical,1481.3,,,"(1, 1, 0)",
Singapore,2021,Historical,1454.8,,,"(1, 1, 0)",
Singapore,2022,Historical,1417.1,,,"(1, 1, 0)",
Singapore,2023,Historical,1537.5,,,"(1, 1, 0)",
Singapore,2024,Forecast,1575.8,1316.8,1885.6,"(1, 1, 0)",5.7
Singapore,2025,Forecast,1587.4,1182.4,2131.2,"(1, 1, 0)",5.7
Singapore,2026,Forecast,1591.0,1081.3,2341.0,"(1, 1, 0)",5.7
Singapore,2027,Forecast,1592.0,1002.4,2528.6,"(1, 1, 0)",5.7
Singapore,2028,Forecast,1592.4,938.4,2702.1,"(1, 1, 0)",5.7
Singapore,2029,Forecast,1592.5,884.7,2866.5,"(1, 1, 0)",5.7
Singapore,2030,Forecast,1592.5,838.5,3024.4,"(1, 1, 0)",5.7
Kazakhstan,1971,Historical,0.0,,,"(1, 1, 2)",
Kazakhstan,1972,Historical,0.0,,,"(1, 1, 2)",
Kazakhstan,1973,Historical,0.0,,,"(1, 1, 2)",
Kazakhstan,1974,Historical,0.0,,,"(1, 1, 2)",
Kazakhstan,1975,Historical,0.0,,,"(1, 1, 2)",
Kazakhstan,1976,Historical,0.0,,,"(1, 1, 2)",
Kazakhstan,1977,Historical,0.0,,,"(1, 1, 2)",
Kazakhstan,1978,Historical,0.0,,,"(1, 1, 2)",
Kazakhstan,1979,Historical,0.0,,,"(1, 1, 2)",
Kazakhstan,1980,Historical,0.0,,,"(1, 1, 2)",
Kazakhstan,1981,Historical,0.0,,,"(1, 1, 2)",
Kazakhstan,1982,Historical,0.0,,,"(1, 1, 2)",
Kazakhstan,1983,Historical,0.0,,,"(1, 1, 2)",
Kazakhstan,1984,Historical,0.0,,,"(1, 1, 2)",
Kazakhstan,1985,Historical,0.0,,,"(1, 1, 2)",
Kazakhstan,1986,Historical,0.0,,,"(1, 1, 2)",
Kazakhstan,1987,Historical,0.0,,,"(1, 1, 2)",
Kazakhstan,1988,Historical,0.0,,,"(1, 1, 2)",
Kazakhstan,1989,Historical,0.0,,,"(1, 1, 2)",
Kazakhstan,1990,Historical,426.0,,,"(1, 1, 2)",
Kazakhstan,1991,Historical,482.0,,,"(1, 1, 2)",
Kazakhstan,1992,Historical,432.0,,,"(1, 1, 2)",
Kazakhstan,1993,Historical,377.0,,,"(1, 1, 2)",
Kazakhstan,1994,Historical,216.0,,,"(1, 1, 2)",
Kazakhstan,1995,Historical,223.0,,,"(1, 1, 2)",
Kazakhstan,1996,Historical,278.0,,,"(1, 1, 2)",
Kazakhstan,1997,Historical,371.0,,,"(1, 1, 2)",
Kazakhstan,1998,Historical,385.0,,,"(1, 1, 2)",
Kazakhstan,1999,Historical,492.0,,,"(1, 1, 2)",
Kazakhstan,2000,Historical,614.0,,,"(1, 1, 2)",
Kazakhstan,2001,Historical,719.0,,,"(1, 1, 2)",
Kazakhstan,2002,Historical,853.0,,,"(1, 1, 2)",
Kazakhstan,2003,Historical,929.0,,,"(1, 1, 2)",
Kazakhstan,2004,Historical,1072.0,,,"(1, 1, 2)",
Kazakhstan,2005,Historical,1188.0,,,"(1, 1, 2)",
Kazakhstan,2006,Historical,1197.0,,,"(1, 1, 2)",
Kazakhstan,2007,Historical,1247.0,,,"(1, 1, 2)",
Kazakhstan,2008,Historical,1303.0,,,"(1, 1, 2)",
Kazakhstan,2009,Historical,1506.0,,,"(1, 1, 2)",
Kazakhstan,2010,Historical,1537.0,,,"(1, 1, 2)",
Kazakhstan,2011,Historical,1505.0,,,"(1, 1, 2)",
Kazakhstan,2012,Historical,1527.0,,,"(1, 1, 2)",
Kazakhstan,2013,Historical,1522.0,,,"(1, 1, 2)",
Kazakhstan,2014,Historical,1463.0,,,"(1, 1, 2)",
Kazakhstan,2015,Historical,1361.0,,,"(1, 1, 2)",
Kazakhstan,2016,Historical,1301.0,,,"(1, 1, 2)",
Kazakhstan,2017,Historical,1498.0,,,"(1, 1, 2)",
Kazakhstan,2018,Historical,1520.9,,,"(1, 1, 2)",
Kazakhstan,2019,Historical,1517.5,,,"(1, 1, 2)",
Kazakhstan,2020,Historical,1518.4,,,"(1, 1, 2)",
Kazakhstan,2021,Historical,1465.3,,,"(1, 1, 2)",
Kazakhstan,2022,Historical,1407.6,,,"(1, 1, 2)",
Kazakhstan,2023,Historical,1498.5,,,"(1, 1, 2)",
Kazakhstan,2024,Forecast,1602.2,1250.6,2052.6,"(1, 1, 2)",3.9
Kazakhstan,2025,Forecast,1618.2,1028.9,2544.8,"(1, 1, 2)",3.9
Kazakhstan,2026,Forecast,1607.9,848.4,3047.1,"(1, 1, 2)",3.9
Kazakhstan,2027,Forecast,1614.5,757.6,3440.6,"(1, 1, 2)",3.9
Kazakhstan,2028,Forecast,1610.2,672.8,3853.6,"(1, 1, 2)",3.9
Kazakhstan,2029,Forecast,1613.0,613.6,4239.9,"(1, 1, 2)",3.9
Kazakhstan,2030,Forecast,1611.2,559.9,4636.3,"(1, 1, 2)",3.9
Qatar,1971,Historical,427.0,,,"(0, 1, 0)",
Qatar,1972,Historical,480.0,,,"(0, 1, 0)",
Qatar,1973,Historical,571.0,,,"(0, 1, 0)",
Qatar,1974,Historical,512.0,,,"(0, 1, 0)",
Qatar,1975,Historical,436.0,,,"(0, 1, 0)",
Qatar,1976,Historical,498.0,,,"(0, 1, 0)",
Qatar,1977,Historical,430.0,,,"(0, 1, 0)",
Qatar,1978,Historical,484.0,,,"(0, 1, 0)",
Qatar,1979,Historical,494.0,,,"(0, 1, 0)",
Qatar,1980,Historical,468.0,,,"(0, 1, 0)",
Qatar,1981,Historical,404.0,,,"(0, 1, 0)",
Qatar,1982,Historical,337.0,,,"(0, 1, 0)",
Qatar,1983,Historical,289.0,,,"(0, 1, 0)",
Qatar,1984,Historical,386.0,,,"(0, 1, 0)",
Qatar,1985,Historical,317.0,,,"(0, 1, 0)",
Qatar,1986,Historical,358.0,,,"(0, 1, 0)",
Qatar,1987,Historical,306.0,,,"(0, 1, 0)",
Qatar,1988,Historical,351.0,,,"(0, 1, 0)",
Qatar,1989,Historical,417.0,,,"(0, 1, 0)",
Qatar,1990,Historical,425.0,,,"(0, 1, 0)",
Qatar,1991,Historical,422.0,,,"(0, 1, 0)",
Qatar,1992,Historical,464.0,,,"(0, 1, 0)",
Qatar,1993,Historical,438.0,,,"(0, 1, 0)",
Qatar,1994,Historical,431.0,,,"(0, 1, 0)",
Qatar,1995,Historical,430.0,,,"(0, 1, 0)",
Qatar,1996,Historical,473.0,,,"(0, 1, 0)",
Qatar,1997,Historical,556.0,,,"(0, 1, 0)",
Qatar,1998,Historical,676.0,,,"(0, 1, 0)",
Qatar,1999,Historical,729.0,,,"(0, 1, 0)",
Qatar,2000,Historical,808.0,,,"(0, 1, 0)",
Qatar,2001,Historical,834.0,,,"(0, 1, 0)",
Qatar,2002,Historical,752.0,,,"(0, 1, 0)",
Qatar,2003,Historical,894.0,,,"(0, 1, 0)",
Qatar,2004,Historical,968.0,,,"(0, 1, 0)",
Qatar,2005,Historical,998.0,,,"(0, 1, 0)",
Qatar,2006,Historical,1065.0,,,"(0, 1, 0)",
Qatar,2007,Historical,1144.0,,,"(0, 1, 0)",
Qatar,2008,Historical,1346.0,,,"(0, 1, 0)",
Qatar,2009,Historical,1342.0,,,"(0, 1, 0)",
Qatar,2010,Historical,1514.0,,,"(0, 1, 0)",
Qatar,2011,Historical,1704.0,,,"(0, 1, 0)",
Qatar,2012,Historical,1758.0,,,"(0, 1, 0)",
Qatar,2013,Historical,1791.0,,,"(0, 1, 0)",
Qatar,2014,Historical,1815.0,,,"(0, 1, 0)",
Qatar,2015,Historical,1800.0,,,"(0, 1, 0)",
Qatar,2016,Historical,1761.0,,,"(0, 1, 0)",
Qatar,2017,Historical,1629.2,,,"(0, 1, 0)",
Qatar,2018,Historical,1619.4,,,"(0, 1, 0)",
Qatar,2019,Historical,1490.1,,,"(0, 1, 0)",
Qatar,2020,Historical,1520.1,,,"(0, 1, 0)",
Qatar,2021,Historical,1523.5,,,"(0, 1, 0)",
Qatar,2022,Historical,1368.7,,,"(0, 1, 0)",
Qatar,2023,Historical,1457.3,,,"(0, 1, 0)",
Qatar,2024,Forecast,1457.3,1166.0,1821.5,"(0, 1, 0)",10.2
Qatar,2025,Forecast,1457.3,1063.1,1997.8,"(0, 1, 0)",10.2
Qatar,2026,Forecast,1457.3,990.3,2144.6,"(0, 1, 0)",10.2
Qatar,2027,Forecast,1457.3,932.9,2276.7,"(0, 1, 0)",10.2
Qatar,2028,Forecast,1457.3,885.0,2399.7,"(0, 1, 0)",10.2
Qatar,2029,Forecast,1457.3,843.9,2516.7,"(0, 1, 0)",10.2
Qatar,2030,Forecast,1457.3,807.7,2629.4,"(0, 1, 0)",10.2
China,1971,Historical,7.0,,,"(1, 1, 0)",
China,1972,Historical,14.0,,,"(1, 1, 0)",
China,1973,Historical,39.0,,,"(1, 1, 0)",
China,1974,Historical,109.0,,,"(1, 1, 0)",
China,1975,Historical,214.0,,,"(1, 1, 0)",
China,1976,Historical,187.0,,,"(1, 1, 0)",
China,1977,Historical,207.0,,,"(1, 1, 0)",
China,1978,Historical,261.0,,,"(1, 1, 0)",
China,1979,Historical,317.0,,,"(1, 1, 0)",
China,1980,Historical,363.0,,,"(1, 1, 0)",
China,1981,Historical,383.0,,,"(1, 1, 0)",
China,1982,Historical,426.0,,,"(1, 1, 0)",
China,1983,Historical,426.0,,,"(1, 1, 0)",
China,1984,Historical,579.0,,,"(1, 1, 0)",
China,1985,Historical,745.0,,,"(1, 1, 0)",
China,1986,Historical,699.0,,,"(1, 1, 0)",
China,1987,Historical,660.0,,,"(1, 1, 0)",
China,1988,Historical,638.0,,,"(1, 1, 0)",
China,1989,Historical,624.0,,,"(1, 1, 0)",
China,1990,Historical,621.0,,,"(1, 1, 0)",
China,1991,Historical,585.0,,,"(1, 1, 0)",
China,1992,Historical,551.0,,,"(1, 1, 0)",
China,1993,Historical,488.0,,,"(1, 1, 0)",
China,1994,Historical,466.0,,,"(1, 1, 0)",
China,1995,Historical,476.0,,,"(1, 1, 0)",
China,1996,Historical,526.0,,,"(1, 1, 0)",
China,1997,Historical,554.0,,,"(1, 1, 0)",
China,1998,Historical,460.0,,,"(1, 1, 0)",
China,1999,Historical,329.0,,,"(1, 1, 0)",
China,2000,Historical,427.0,,,"(1, 1, 0)",
China,2001,Historical,401.0,,,"(1, 1, 0)",
China,2002,Historical,420.0,,,"(1, 1, 0)",
China,2003,Historical,494.0,,,"(1, 1, 0)",
China,2004,Historical,396.0,,,"(1, 1, 0)",
China,2005,Historical,515.0,,,"(1, 1, 0)",
China,2006,Historical,448.0,,,"(1, 1, 0)",
China,2007,Historical,457.0,,,"(1, 1, 0)",
China,2008,Historical,496.0,,,"(1, 1, 0)",
China,2009,Historical,681.0,,,"(1, 1, 0)",
China,2010,Historical,687.0,,,"(1, 1, 0)",
China,2011,Historical,667.0,,,"(1, 1, 0)",
China,2012,Historical,622.0,,,"(1, 1, 0)",
China,2013,Historical,704.0,,,"(1, 1, 0)",
China,2014,Historical,721.0,,,"(1, 1, 0)",
China,2015,Historical,904.0,,,"(1, 1, 0)",
China,2016,Historical,1163.0,,,"(1, 1, 0)",
China,2017,Historical,1279.0,,,"(1, 1, 0)",
China,2018,Historical,1376.4,,,"(1, 1, 0)",
China,2019,Historical,1528.1,,,"(1, 1, 0)",
China,2020,Historical,1395.7,,,"(1, 1, 0)",
China,2021,Historical,1379.6,,,"(1, 1, 0)",
China,2022,Historical,1222.6,,,"(1, 1, 0)",
China,2023,Historical,1398.6,,,"(1, 1, 0)",
China,2024,Forecast,1530.9,1005.7,2330.4,"(1, 1, 0)",12.7
China,2025,Forecast,1627.0,717.4,3689.9,"(1, 1, 0)",12.7
China,2026,Forecast,1695.0,504.6,5693.5,"(1, 1, 0)",12.7
China,2027,Forecast,1742.3,357.3,8496.8,"(1, 1, 0)",12.7
China,2028,Forecast,1774.9,256.9,12264.3,"(1, 1, 0)",12.7
China,2029,Forecast,1797.2,188.1,17169.1,"(1, 1, 0)",12.7
China,2030,Forecast,1812.3,140.4,23396.1,"(1, 1, 0)",12.7
Korea,1971,Historical,20.0,,,"(0, 1, 3)",
Korea,1972,Historical,16.0,,,"(0, 1, 3)",
Korea,1973,Historical,22.0,,,"(0, 1, 3)",
Korea,1974,Historical,23.0,,,"(0, 1, 3)",
Korea,1975,Historical,22.0,,,"(0, 1, 3)",
Korea,1976,Historical,29.0,,,"(0, 1, 3)",
Korea,1977,Historical,22.0,,,"(0, 1, 3)",
Korea,1978,Historical,7.0,,,"(0, 1, 3)",
Korea,1979,Historical,2.0,,,"(0, 1, 3)",
Korea,1980,Historical,0.0,,,"(0, 1, 3)",
Korea,1981,Historical,8.0,,,"(0, 1, 3)",
Korea,1982,Historical,19.0,,,"(0, 1, 3)",
Korea,1983,Historical,44.0,,,"(0, 1, 3)",
Korea,1984,Historical,65.0,,,"(0, 1, 3)",
Korea,1985,Historical,72.0,,,"(0, 1, 3)",
Korea,1986,Historical,74.0,,,"(0, 1, 3)",
Korea,1987,Historical,88.0,,,"(0, 1, 3)",
Korea,1988,Historical,84.0,,,"(0, 1, 3)",
Korea,1989,Historical,94.0,,,"(0, 1, 3)",
Korea,1990,Historical,74.0,,,"(0, 1, 3)",
Korea,1991,Historical,190.0,,,"(0, 1, 3)",
Korea,1992,Historical,250.0,,,"(0, 1, 3)",
Korea,1993,Historical,282.0,,,"(0, 1, 3)",
Korea,1994,Historical,238.0,,,"(0, 1, 3)",
Korea,1995,Historical,311.0,,,"(0, 1, 3)",
Korea,1996,Historical,427.0,,,"(0, 1, 3)",
Korea,1997,Historical,628.0,,,"(0, 1, 3)",
Korea,1998,Historical,808.0,,,"(0, 1, 3)",
Korea,1999,Historical,804.0,,,"(0, 1, 3)",
Korea,2000,Historical,823.0,,,"(0, 1, 3)",
Korea,2001,Historical,810.0,,,"(0, 1, 3)",
Korea,2002,Historical,652.0,,,"(0, 1, 3)",
Korea,2003,Historical,575.0,,,"(0, 1, 3)",
Korea,2004,Historical,644.0,,,"(0, 1, 3)",
Korea,2005,Historical,711.0,,,"(0, 1, 3)",
Korea,2006,Historical,791.0,,,"(0, 1, 3)",
Korea,2007,Historical,801.0,,,"(0, 1, 3)",
Korea,2008,Historical,917.0,,,"(0, 1, 3)",
Korea,2009,Historical,913.0,,,"(0, 1, 3)",
Korea,2010,Historical,945.0,,,"(0, 1, 3)",
Korea,2011,Historical,1129.0,,,"(0, 1, 3)",
Korea,2012,Historical,1211.0,,,"(0, 1, 3)",
Korea,2013,Historical,1179.0,,,"(0, 1, 3)",
Korea,2014,Historical,1231.0,,,"(0, 1, 3)",
Korea,2015,Historical,1314.0,,,"(0, 1, 3)",
Korea,2016,Historical,1341.0,,,"(0, 1, 3)",
Korea,2017,Historical,1396.1,,,"(0, 1, 3)",
Korea,2018,Historical,1476.0,,,"(0, 1, 3)",
Korea,2019,Historical,1449.0,,,"(0, 1, 3)",
Korea,2020,Historical,1286.1,,,"(0, 1, 3)",
Korea,2021,Historical,1232.9,,,"(0, 1, 3)",
Korea,2022,Historical,1377.3,,,"(0, 1, 3)",
Korea,2023,Historical,1370.7,,,"(0, 1, 3)",
Korea,2024,Forecast,1312.6,716.0,2406.5,"(0, 1, 3)",11.3
Korea,2025,Forecast,1256.2,390.9,4036.5,"(0, 1, 3)",11.3
Korea,2026,Forecast,1282.1,252.3,6515.2,"(0, 1, 3)",11.3
Korea,2027,Forecast,1282.1,189.8,8659.8,"(0, 1, 3)",11.3
Korea,2028,Forecast,1282.1,148.2,11089.9,"(0, 1, 3)",11.3
Korea,2029,Forecast,1282.1,118.7,13843.3,"(0, 1, 3)",11.3
Korea,2030,Forecast,1282.1,96.9,16955.5,"(0, 1, 3)",11.3
India,1971,Historical,4.0,,,"(1, 1, 0)",
India,1972,Historical,2.0,,,"(1, 1, 0)",
India,1973,Historical,3.0,,,"(1, 1, 0)",
India,1974,Historical,5.0,,,"(1, 1, 0)",
India,1975,Historical,4.0,,,"(1, 1, 0)",
India,1976,Historical,1.0,,,"(1, 1, 0)",
India,1977,Historical,1.0,,,"(1, 1, 0)",
India,1978,Historical,1.0,,,"(1, 1, 0)",
India,1979,Historical,3.0,,,"(1, 1, 0)",
India,1980,Historical,13.0,,,"(1, 1, 0)",
India,1981,Historical,22.0,,,"(1, 1, 0)",
India,1982,Historical,108.0,,,"(1, 1, 0)",
India,1983,Historical,145.0,,,"(1, 1, 0)",
India,1984,Historical,152.0,,,"(1, 1, 0)",
India,1985,Historical,58.0,,,"(1, 1, 0)",
India,1986,Historical,57.0,,,"(1, 1, 0)",
India,1987,Historical,75.0,,,"(1, 1, 0)",
India,1988,Historical,51.0,,,"(1, 1, 0)",
India,1989,Historical,62.0,,,"(1, 1, 0)",
India,1990,Historical,59.0,,,"(1, 1, 0)",
India,1991,Historical,64.0,,,"(1, 1, 0)",
India,1992,Historical,80.0,,,"(1, 1, 0)",
India,1993,Historical,86.0,,,"(1, 1, 0)",
India,1994,Historical,75.0,,,"(1, 1, 0)",
India,1995,Historical,79.0,,,"(1, 1, 0)",
India,1996,Historical,72.0,,,"(1, 1, 0)",
India,1997,Historical,75.0,,,"(1, 1, 0)",
India,1998,Historical,26.0,,,"(1, 1, 0)",
India,1999,Historical,63.0,,,"(1, 1, 0)",
India,2000,Historical,170.0,,,"(1, 1, 0)",
India,2001,Historical,204.0,,,"(1, 1, 0)",
India,2002,Historical,209.0,,,"(1, 1, 0)",
India,2003,Historical,320.0,,,"(1, 1, 0)",
India,2004,Historical,430.0,,,"(1, 1, 0)",
India,2005,Historical,497.0,,,"(1, 1, 0)",
India,2006,Historical,711.0,,,"(1, 1, 0)",
India,2007,Historical,871.0,,,"(1, 1, 0)",
India,2008,Historical,825.0,,,"(1, 1, 0)",
India,2009,Historical,1095.0,,,"(1, 1, 0)",
India,2010,Historical,1266.0,,,"(1, 1, 0)",
India,2011,Historical,1341.0,,,"(1, 1, 0)",
India,2012,Historical,1383.0,,,"(1, 1, 0)",
India,2013,Historical,1470.0,,,"(1, 1, 0)",
India,2014,Historical,1409.0,,,"(1, 1, 0)",
India,2015,Historical,1345.0,,,"(1, 1, 0)",
India,2016,Historical,1451.0,,,"(1, 1, 0)",
India,2017,Historical,1477.3,,,"(1, 1, 0)",
India,2018,Historical,1339.4,,,"(1, 1, 0)",
India,2019,Historical,1458.6,,,"(1, 1, 0)",
India,2020,Historical,1247.3,,,"(1, 1, 0)",
India,2021,Historical,1398.5,,,"(1, 1, 0)",
India,2022,Historical,1302.8,,,"(1, 1, 0)",
India,2023,Historical,1340.6,,,"(1, 1, 0)",
India,2024,Forecast,1351.7,510.7,3577.2,"(1, 1, 0)",5.5
India,2025,Forecast,1354.9,277.2,6622.8,"(1, 1, 0)",5.5
India,2026,Forecast,1355.8,170.6,10776.4,"(1, 1, 0)",5.5
India,2027,Forecast,1356.1,113.8,16155.4,"(1, 1, 0)",5.5
India,2028,Forecast,1356.1,80.2,22938.7,"(1, 1, 0)",5.5
India,2029,Forecast,1356.2,58.7,31352.8,"(1, 1, 0)",5.5
India,2030,Forecast,1356.2,44.1,41662.3,"(1, 1, 0)",5.5
Nigeria,1971,Historical,1499.0,,,"(1, 0, 1)",
Nigeria,1972,Historical,1784.0,,,"(1, 0, 1)",
Nigeria,1973,Historical,2013.0,,,"(1, 0, 1)",
Nigeria,1974,Historical,2213.0,,,"(1, 0, 1)",
Nigeria,1975,Historical,1742.0,,,"(1, 0, 1)",
Nigeria,1976,Historical,2025.0,,,"(1, 0, 1)",
Nigeria,1977,Historical,2061.0,,,"(1, 0, 1)",
Nigeria,1978,Historical,1846.0,,,"(1, 0, 1)",
Nigeria,1979,Historical,2219.0,,,"(1, 0, 1)",
Nigeria,1980,Historical,1943.0,,,"(1, 0, 1)",
Nigeria,1981,Historical,1296.0,,,"(1, 0, 1)",
Nigeria,1982,Historical,1125.0,,,"(1, 0, 1)",
Nigeria,1983,Historical,1085.0,,,"(1, 0, 1)",
Nigeria,1984,Historical,1229.0,,,"(1, 0, 1)",
Nigeria,1985,Historical,1343.0,,,"(1, 0, 1)",
Nigeria,1986,Historical,1335.0,,,"(1, 0, 1)",
Nigeria,1987,Historical,1170.0,,,"(1, 0, 1)",
Nigeria,1988,Historical,1292.0,,,"(1, 0, 1)",
Nigeria,1989,Historical,1541.0,,,"(1, 0, 1)",
Nigeria,1990,Historical,1579.0,,,"(1, 0, 1)",
Nigeria,1991,Historical,1635.0,,,"(1, 0, 1)",
Nigeria,1992,Historical,1691.0,,,"(1, 0, 1)",
Nigeria,1993,Historical,1750.0,,,"(1, 0, 1)",
Nigeria,1994,Historical,1850.0,,,"(1, 0, 1)",
Nigeria,1995,Historical,1866.0,,,"(1, 0, 1)",
Nigeria,1996,Historical,2051.0,,,"(1, 0, 1)",
Nigeria,1997,Historical,2241.0,,,"(1, 0, 1)",
Nigeria,1998,Historical,2084.0,,,"(1, 0, 1)",
Nigeria,1999,Historical,2090.0,,,"(1, 0, 1)",
Nigeria,2000,Historical,2322.0,,,"(1, 0, 1)",
Nigeria,2001,Historical,2330.0,,,"(1, 0, 1)",
Nigeria,2002,Historical,2009.0,,,"(1, 0, 1)",
Nigeria,2003,Historical,2355.0,,,"(1, 0, 1)",
Nigeria,2004,Historical,2609.0,,,"(1, 0, 1)",
Nigeria,2005,Historical,2552.0,,,"(1, 0, 1)",
Nigeria,2006,Historical,2476.0,,,"(1, 0, 1)",
Nigeria,2007,Historical,2414.0,,,"(1, 0, 1)",
Nigeria,2008,Historical,2203.0,,,"(1, 0, 1)",
Nigeria,2009,Historical,2287.0,,,"(1, 0, 1)",
Nigeria,2010,Historical,2602.0,,,"(1, 0, 1)",
Nigeria,2011,Historical,2493.0,,,"(1, 0, 1)",
Nigeria,2012,Historical,2516.0,,,"(1, 0, 1)",
Nigeria,2013,Historical,2197.0,,,"(1, 0, 1)",
Nigeria,2014,Historical,2226.0,,,"(1, 0, 1)",
Nigeria,2015,Historical,2207.0,,,"(1, 0, 1)",
Nigeria,2016,Historical,1841.0,,,"(1, 0, 1)",
Nigeria,2017,Historical,1872.8,,,"(1, 0, 1)",
Nigeria,2018,Historical,1945.7,,,"(1, 0, 1)",
Nigeria,2019,Historical,2076.3,,,"(1, 0, 1)",
Nigeria,2020,Historical,1598.0,,,"(1, 0, 1)",
Nigeria,2021,Historical,1347.9,,,"(1, 0, 1)",
Nigeria,2022,Historical,1191.0,,,"(1, 0, 1)",
Nigeria,2023,Historical,1318.7,,,"(1, 0, 1)",
Nigeria,2024,Forecast,1430.4,1142.4,1790.9,"(1, 0, 1)",34.2
Nigeria,2025,Forecast,1492.7,1063.8,2094.6,"(1, 0, 1)",34.2
Nigeria,2026,Forecast,1544.8,1040.6,2293.3,"(1, 0, 1)",34.2
Nigeria,2027,Forecast,1587.8,1035.5,2434.8,"(1, 0, 1)",34.2
Nigeria,2028,Forecast,1623.3,1038.0,2538.4,"(1, 0, 1)",34.2
Nigeria,2029,Forecast,1652.2,1043.8,2615.5,"(1, 0, 1)",34.2
Nigeria,2030,Forecast,1675.9,1050.6,2673.3,"(1, 0, 1)",34.2
Mexico,1971,Historical,31.0,,,"(2, 1, 2)",
Mexico,1972,Historical,31.0,,,"(2, 1, 2)",
Mexico,1973,Historical,28.0,,,"(2, 1, 2)",
Mexico,1974,Historical,37.0,,,"(2, 1, 2)",
Mexico,1975,Historical,109.0,,,"(2, 1, 2)",
Mexico,1976,Historical,105.0,,,"(2, 1, 2)",
Mexico,1977,Historical,224.0,,,"(2, 1, 2)",
Mexico,1978,Historical,397.0,,,"(2, 1, 2)",
Mexico,1979,Historical,588.0,,,"(2, 1, 2)",
Mexico,1980,Historical,968.0,,,"(2, 1, 2)",
Mexico,1981,Historical,1294.0,,,"(2, 1, 2)",
Mexico,1982,Historical,1712.0,,,"(2, 1, 2)",
Mexico,1983,Historical,1802.0,,,"(2, 1, 2)",
Mexico,1984,Historical,1780.0,,,"(2, 1, 2)",
Mexico,1985,Historical,1696.0,,,"(2, 1, 2)",
Mexico,1986,Historical,1558.0,,,"(2, 1, 2)",
Mexico,1987,Historical,1603.0,,,"(2, 1, 2)",
Mexico,1988,Historical,1587.0,,,"(2, 1, 2)",
Mexico,1989,Historical,1516.0,,,"(2, 1, 2)",
Mexico,1990,Historical,1515.0,,,"(2, 1, 2)",
Mexico,1991,Historical,1606.0,,,"(2, 1, 2)",
Mexico,1992,Historical,1612.0,,,"(2, 1, 2)",
Mexico,1993,Historical,1616.0,,,"(2, 1, 2)",
Mexico,1994,Historical,1538.0,,,"(2, 1, 2)",
Mexico,1995,Historical,1542.0,,,"(2, 1, 2)",
Mexico,1996,Historical,1699.0,,,"(2, 1, 2)",
Mexico,1997,Historical,1903.0,,,"(2, 1, 2)",
Mexico,1998,Historical,1938.0,,,"(2, 1, 2)",
Mexico,1999,Historical,1788.0,,,"(2, 1, 2)",
Mexico,2000,Historical,1941.0,,,"(2, 1, 2)",
Mexico,2001,Historical,1967.0,,,"(2, 1, 2)",
Mexico,2002,Historical,2067.0,,,"(2, 1, 2)",
Mexico,2003,Historical,2214.0,,,"(2, 1, 2)",
Mexico,2004,Historical,2208.0,,,"(2, 1, 2)",
Mexico,2005,Historical,2131.0,,,"(2, 1, 2)",
Mexico,2006,Historical,2134.0,,,"(2, 1, 2)",
Mexico,2007,Historical,1931.0,,,"(2, 1, 2)",
Mexico,2008,Historical,1643.0,,,"(2, 1, 2)",
Mexico,2009,Historical,1512.0,,,"(2, 1, 2)",
Mexico,2010,Historical,1636.0,,,"(2, 1, 2)",
Mexico,2011,Historical,1601.0,,,"(2, 1, 2)",
Mexico,2012,Historical,1482.0,,,"(2, 1, 2)",
Mexico,2013,Historical,1450.0,,,"(2, 1, 2)",
Mexico,2014,Historical,1403.0,,,"(2, 1, 2)",
Mexico,2015,Historical,1400.0,,,"(2, 1, 2)",
Mexico,2016,Historical,1457.0,,,"(2, 1, 2)",
Mexico,2017,Historical,1419.8,,,"(2, 1, 2)",
Mexico,2018,Historical,1425.0,,,"(2, 1, 2)",
Mexico,2019,Historical,1315.1,,,"(2, 1, 2)",
Mexico,2020,Historical,1335.9,,,"(2, 1, 2)",
Mexico,2021,Historical,1261.2,,,"(2, 1, 2)",
Mexico,2022,Historical,1210.1,,,"(2, 1, 2)",
Mexico,2023,Historical,1277.7,,,"(2, 1, 2)",
Mexico,2024,Forecast,1258.8,918.4,1725.4,"(2, 1, 2)",4.0
Mexico,2025,Forecast,1283.5,803.8,2049.5,"(2, 1, 2)",4.0
Mexico,2026,Forecast,1340.7,698.5,2573.5,"(2, 1, 2)",4.0
Mexico,2027,Forecast,1418.9,581.6,3461.4,"(2, 1, 2)",4.0
Mexico,2028,Forecast,1505.5,460.9,4917.3,"(2, 1, 2)",4.0
Mexico,2029,Forecast,1588.1,350.8,7188.2,"(2, 1, 2)",4.0
Mexico,2030,Forecast,1655.6,260.6,10519.4,"(2, 1, 2)",4.0
Libya,1971,Historical,2759.0,,,"(0, 1, 1)",
Libya,1972,Historical,2251.0,,,"(0, 1, 1)",
Libya,1973,Historical,2240.0,,,"(0, 1, 1)",
Libya,1974,Historical,1559.0,,,"(0, 1, 1)",
Libya,1975,Historical,1508.0,,,"(0, 1, 1)",
Libya,1976,Historical,1965.0,,,"(0, 1, 1)",
Libya,1977,Historical,2061.0,,,"(0, 1, 1)",
Libya,1978,Historical,1964.0,,,"(0, 1, 1)",
Libya,1979,Historical,2080.0,,,"(0, 1, 1)",
Libya,1980,Historical,1788.0,,,"(0, 1, 1)",
Libya,1981,Historical,1168.0,,,"(0, 1, 1)",
Libya,1982,Historical,1081.0,,,"(0, 1, 1)",
Libya,1983,Historical,1036.0,,,"(0, 1, 1)",
Libya,1984,Historical,1006.0,,,"(0, 1, 1)",
Libya,1985,Historical,930.0,,,"(0, 1, 1)",
Libya,1986,Historical,927.0,,,"(0, 1, 1)",
Libya,1987,Historical,874.0,,,"(0, 1, 1)",
Libya,1988,Historical,954.0,,,"(0, 1, 1)",
Libya,1989,Historical,985.0,,,"(0, 1, 1)",
Libya,1990,Historical,1239.0,,,"(0, 1, 1)",
Libya,1991,Historical,1400.0,,,"(0, 1, 1)",
Libya,1992,Historical,1320.0,,,"(0, 1, 1)",
Libya,1993,Historical,1244.0,,,"(0, 1, 1)",
Libya,1994,Historical,1238.0,,,"(0, 1, 1)",
Libya,1995,Historical,1283.0,,,"(0, 1, 1)",
Libya,1996,Historical,1289.0,,,"(0, 1, 1)",
Libya,1997,Historical,1306.0,,,"(0, 1, 1)",
Libya,1998,Historical,1359.0,,,"(0, 1, 1)",
Libya,1999,Historical,1183.0,,,"(0, 1, 1)",
Libya,2000,Historical,1242.0,,,"(0, 1, 1)",
Libya,2001,Historical,1220.0,,,"(0, 1, 1)",
Libya,2002,Historical,1211.0,,,"(0, 1, 1)",
Libya,2003,Historical,1320.0,,,"(0, 1, 1)",
Libya,2004,Historical,1507.0,,,"(0, 1, 1)",
Libya,2005,Historical,1609.0,,,"(0, 1, 1)",
Libya,2006,Historical,1713.0,,,"(0, 1, 1)",
Libya,2007,Historical,1807.0,,,"(0, 1, 1)",
Libya,2008,Historical,1761.0,,,"(0, 1, 1)",
Libya,2009,Historical,1629.0,,,"(0, 1, 1)",
Libya,2010,Historical,1629.0,,,"(0, 1, 1)",
Libya,2011,Historical,374.0,,,"(0, 1, 1)",
Libya,2012,Historical,1453.0,,,"(0, 1, 1)",
Libya,2013,Historical,1038.0,,,"(0, 1, 1)",
Libya,2014,Historical,416.0,,,"(0, 1, 1)",
Libya,2015,Historical,371.0,,,"(0, 1, 1)",
Libya,2016,Historical,374.0,,,"(0, 1, 1)",
Libya,2017,Historical,885.3,,,"(0, 1, 1)",
Libya,2018,Historical,1127.8,,,"(0, 1, 1)",
Libya,2019,Historical,1174.7,,,"(0, 1, 1)",
Libya,2020,Historical,431.0,,,"(0, 1, 1)",
Libya,2021,Historical,1266.4,,,"(0, 1, 1)",
Libya,2022,Historical,1112.3,,,"(0, 1, 1)",
Libya,2023,Historical,1176.8,,,"(0, 1, 1)",
Libya,2024,Forecast,1086.5,527.8,2236.3,"(0, 1, 1)",40.8
Libya,2025,Forecast,1086.5,485.3,2432.2,"(0, 1, 1)",40.8
Libya,2026,Forecast,1086.5,449.8,2624.4,"(0, 1, 1)",40.8
Libya,2027,Forecast,1086.5,419.4,2814.6,"(0, 1, 1)",40.8
Libya,2028,Forecast,1086.5,392.9,3004.2,"(0, 1, 1)",40.8
Libya,2029,Forecast,1086.5,369.6,3194.0,"(0, 1, 1)",40.8
Libya,2030,Forecast,1086.5,348.8,3384.5,"(0, 1, 1)",40.8
