Country,Year,Type,Net_Trade,Net_CI_Low,Net_CI_High,Exports,Imports,Exports_Order,Imports_Order,Avg_MAPE
Brazil,1971,Historical,-425.0,,,19.0,444.0,"(0, 1, 1)","(2, 0, 3)",
Brazil,1972,Historical,-497.0,,,46.0,543.0,"(0, 1, 1)","(2, 0, 3)",
Brazil,1973,Historical,-676.0,,,62.0,738.0,"(0, 1, 1)","(2, 0, 3)",
Brazil,1974,Historical,-667.0,,,61.0,728.0,"(0, 1, 1)","(2, 0, 3)",
Brazil,1975,Historical,-678.0,,,51.0,729.0,"(0, 1, 1)","(2, 0, 3)",
Brazil,1976,Historical,-785.0,,,68.0,853.0,"(0, 1, 1)","(2, 0, 3)",
Brazil,1977,Historical,-793.0,,,47.0,840.0,"(0, 1, 1)","(2, 0, 3)",
Brazil,1978,Historical,-880.0,,,38.0,918.0,"(0, 1, 1)","(2, 0, 3)",
Brazil,1979,Historical,-1006.0,,,17.0,1023.0,"(0, 1, 1)","(2, 0, 3)",
Brazil,1980,Historical,-888.0,,,26.0,914.0,"(0, 1, 1)","(2, 0, 3)",
Brazil,1981,Historical,-790.0,,,83.0,873.0,"(0, 1, 1)","(2, 0, 3)",
Brazil,1982,Historical,-755.0,,,117.0,872.0,"(0, 1, 1)","(2, 0, 3)",
Brazil,1983,Historical,-654.0,,,106.0,760.0,"(0, 1, 1)","(2, 0, 3)",
Brazil,1984,Historical,-496.0,,,167.0,663.0,"(0, 1, 1)","(2, 0, 3)",
Brazil,1985,Historical,-431.0,,,150.0,581.0,"(0, 1, 1)","(2, 0, 3)",
Brazil,1986,Historical,-530.0,,,115.0,645.0,"(0, 1, 1)","(2, 0, 3)",
Brazil,1987,Historical,-531.0,,,139.0,670.0,"(0, 1, 1)","(2, 0, 3)",
Brazil,1988,Historical,-577.0,,,148.0,725.0,"(0, 1, 1)","(2, 0, 3)",
Brazil,1989,Historical,-554.0,,,118.0,672.0,"(0, 1, 1)","(2, 0, 3)",
Brazil,1990,Historical,-562.0,,,79.0,641.0,"(0, 1, 1)","(2, 0, 3)",
Brazil,1991,Historical,-564.0,,,61.0,625.0,"(0, 1, 1)","(2, 0, 3)",
Brazil,1992,Historical,-578.0,,,74.0,652.0,"(0, 1, 1)","(2, 0, 3)",
Brazil,1993,Historical,-667.0,,,114.0,781.0,"(0, 1, 1)","(2, 0, 3)",
Brazil,1994,Historical,-676.0,,,103.0,779.0,"(0, 1, 1)","(2, 0, 3)",
Brazil,1995,Historical,-701.0,,,55.0,756.0,"(0, 1, 1)","(2, 0, 3)",
Brazil,1996,Historical,-814.0,,,40.0,854.0,"(0, 1, 1)","(2, 0, 3)",
Brazil,1997,Historical,-838.0,,,45.0,883.0,"(0, 1, 1)","(2, 0, 3)",
Brazil,1998,Historical,-785.0,,,85.0,870.0,"(0, 1, 1)","(2, 0, 3)",
Brazil,1999,Historical,-708.0,,,76.0,784.0,"(0, 1, 1)","(2, 0, 3)",
Brazil,2000,Historical,-593.0,,,117.0,710.0,"(0, 1, 1)","(2, 0, 3)",
Brazil,2001,Historical,-483.0,,,253.0,736.0,"(0, 1, 1)","(2, 0, 3)",
Brazil,2002,Historical,-282.0,,,390.0,672.0,"(0, 1, 1)","(2, 0, 3)",
Brazil,2003,Historical,-160.0,,,410.0,570.0,"(0, 1, 1)","(2, 0, 3)",
Brazil,2004,Historical,-251.0,,,412.0,663.0,"(0, 1, 1)","(2, 0, 3)",
Brazil,2005,Historical,-113.0,,,451.0,564.0,"(0, 1, 1)","(2, 0, 3)",
Brazil,2006,Historical,-36.0,,,554.0,590.0,"(0, 1, 1)","(2, 0, 3)",
Brazil,2007,Historical,-97.0,,,614.0,711.0,"(0, 1, 1)","(2, 0, 3)",
Brazil,2008,Historical,-123.0,,,590.0,713.0,"(0, 1, 1)","(2, 0, 3)",
Brazil,2009,Historical,14.0,,,680.0,666.0,"(0, 1, 1)","(2, 0, 3)",
Brazil,2010,Historical,-53.0,,,755.0,808.0,"(0, 1, 1)","(2, 0, 3)",
Brazil,2011,Historical,-126.0,,,727.0,853.0,"(0, 1, 1)","(2, 0, 3)",
Brazil,2012,Historical,-219.0,,,647.0,866.0,"(0, 1, 1)","(2, 0, 3)",
Brazil,2013,Historical,-373.0,,,528.0,901.0,"(0, 1, 1)","(2, 0, 3)",
Brazil,2014,Historical,-235.0,,,643.0,878.0,"(0, 1, 1)","(2, 0, 3)",
Brazil,2015,Historical,87.0,,,849.0,762.0,"(0, 1, 1)","(2, 0, 3)",
Brazil,2016,Historical,308.0,,,951.0,643.0,"(0, 1, 1)","(2, 0, 3)",
Brazil,2017,Historical,398.7,,,1153.0,754.4,"(0, 1, 1)","(2, 0, 3)",
Brazil,2018,Historical,510.6,,,1240.2,729.6,"(0, 1, 1)","(2, 0, 3)",
Brazil,2019,Historical,616.8,,,1391.1,774.3,"(0, 1, 1)","(2, 0, 3)",
Brazil,2020,Historical,969.7,,,1628.4,658.7,"(0, 1, 1)","(2, 0, 3)",
Brazil,2021,Historical,736.4,,,1486.9,750.5,"(0, 1, 1)","(2, 0, 3)",
Brazil,2022,Historical,715.5,,,1601.0,885.5,"(0, 1, 1)","(2, 0, 3)",
Brazil,2023,Historical,1082.6,,,1945.7,863.0,"(0, 1, 1)","(2, 0, 3)",
Brazil,2024,Forecast,1308.6,182.5,3292.4,2066.6,758.0,"(0, 1, 1)","(2, 0, 3)",18.3
Brazil,2025,Forecast,1371.9,-193.0,5850.4,2066.6,694.7,"(0, 1, 1)","(2, 0, 3)",18.3
Brazil,2026,Forecast,1404.2,-343.6,8425.9,2066.6,662.4,"(0, 1, 1)","(2, 0, 3)",18.3
Brazil,2027,Forecast,1425.9,-430.2,11237.5,2066.6,640.7,"(0, 1, 1)","(2, 0, 3)",18.3
Brazil,2028,Forecast,1436.1,-497.0,14353.1,2066.6,630.5,"(0, 1, 1)","(2, 0, 3)",18.3
Brazil,2029,Forecast,1434.8,-561.5,17818.3,2066.6,631.8,"(0, 1, 1)","(2, 0, 3)",18.3
Brazil,2030,Forecast,1422.7,-629.7,21671.5,2066.6,643.9,"(0, 1, 1)","(2, 0, 3)",18.3
Canada,1971,Historical,-12.0,,,807.0,819.0,"(1, 1, 0)","(1, 1, 0)",
Canada,1972,Historical,145.0,,,1073.0,928.0,"(1, 1, 0)","(1, 1, 0)",
Canada,1973,Historical,312.0,,,1274.0,962.0,"(1, 1, 0)","(1, 1, 0)",
Canada,1974,Historical,151.0,,,1039.0,888.0,"(1, 1, 0)","(1, 1, 0)",
Canada,1975,Historical,2.0,,,877.0,875.0,"(1, 1, 0)","(1, 1, 0)",
Canada,1976,Historical,-154.0,,,617.0,771.0,"(1, 1, 0)","(1, 1, 0)",
Canada,1977,Historical,-239.0,,,500.0,739.0,"(1, 1, 0)","(1, 1, 0)",
Canada,1978,Historical,-186.0,,,495.0,681.0,"(1, 1, 0)","(1, 1, 0)",
Canada,1979,Historical,-121.0,,,535.0,656.0,"(1, 1, 0)","(1, 1, 0)",
Canada,1980,Historical,-128.0,,,468.0,596.0,"(1, 1, 0)","(1, 1, 0)",
Canada,1981,Historical,-137.0,,,416.0,553.0,"(1, 1, 0)","(1, 1, 0)",
Canada,1982,Historical,63.0,,,457.0,394.0,"(1, 1, 0)","(1, 1, 0)",
Canada,1983,Historical,236.0,,,545.0,309.0,"(1, 1, 0)","(1, 1, 0)",
Canada,1984,Historical,281.0,,,626.0,345.0,"(1, 1, 0)","(1, 1, 0)",
Canada,1985,Historical,405.0,,,779.0,374.0,"(1, 1, 0)","(1, 1, 0)",
Canada,1986,Historical,335.0,,,814.0,479.0,"(1, 1, 0)","(1, 1, 0)",
Canada,1987,Historical,333.0,,,881.0,548.0,"(1, 1, 0)","(1, 1, 0)",
Canada,1988,Historical,475.0,,,1081.0,606.0,"(1, 1, 0)","(1, 1, 0)",
Canada,1989,Historical,329.0,,,1004.0,675.0,"(1, 1, 0)","(1, 1, 0)",
Canada,1990,Historical,353.0,,,1038.0,685.0,"(1, 1, 0)","(1, 1, 0)",
Canada,1991,Historical,474.0,,,1172.0,698.0,"(1, 1, 0)","(1, 1, 0)",
Canada,1992,Historical,555.0,,,1222.0,667.0,"(1, 1, 0)","(1, 1, 0)",
Canada,1993,Historical,587.0,,,1323.0,736.0,"(1, 1, 0)","(1, 1, 0)",
Canada,1994,Historical,640.0,,,1394.0,754.0,"(1, 1, 0)","(1, 1, 0)",
Canada,1995,Historical,776.0,,,1517.0,741.0,"(1, 1, 0)","(1, 1, 0)",
Canada,1996,Historical,811.0,,,1644.0,833.0,"(1, 1, 0)","(1, 1, 0)",
Canada,1997,Historical,816.0,,,1765.0,949.0,"(1, 1, 0)","(1, 1, 0)",
Canada,1998,Historical,924.0,,,1890.0,966.0,"(1, 1, 0)","(1, 1, 0)",
Canada,1999,Historical,797.0,,,1800.0,1003.0,"(1, 1, 0)","(1, 1, 0)",
Canada,2000,Historical,850.0,,,1929.0,1079.0,"(1, 1, 0)","(1, 1, 0)",
Canada,2001,Historical,852.0,,,1980.0,1128.0,"(1, 1, 0)","(1, 1, 0)",
Canada,2002,Historical,1047.0,,,2109.0,1062.0,"(1, 1, 0)","(1, 1, 0)",
Canada,2003,Historical,1044.0,,,2176.0,1132.0,"(1, 1, 0)","(1, 1, 0)",
Canada,2004,Historical,1086.0,,,2265.0,1179.0,"(1, 1, 0)","(1, 1, 0)",
Canada,2005,Historical,895.0,,,2184.0,1289.0,"(1, 1, 0)","(1, 1, 0)",
Canada,2006,Historical,1133.0,,,2335.0,1202.0,"(1, 1, 0)","(1, 1, 0)",
Canada,2007,Historical,1221.0,,,2394.0,1173.0,"(1, 1, 0)","(1, 1, 0)",
Canada,2008,Historical,1195.0,,,2427.0,1232.0,"(1, 1, 0)","(1, 1, 0)",
Canada,2009,Historical,1242.0,,,2405.0,1163.0,"(1, 1, 0)","(1, 1, 0)",
Canada,2010,Historical,1355.0,,,2468.0,1113.0,"(1, 1, 0)","(1, 1, 0)",
Canada,2011,Historical,1584.0,,,2708.0,1124.0,"(1, 1, 0)","(1, 1, 0)",
Canada,2012,Historical,1801.0,,,2985.0,1184.0,"(1, 1, 0)","(1, 1, 0)",
Canada,2013,Historical,2105.0,,,3261.0,1156.0,"(1, 1, 0)","(1, 1, 0)",
Canada,2014,Historical,2279.0,,,3445.0,1166.0,"(1, 1, 0)","(1, 1, 0)",
Canada,2015,Historical,2341.0,,,3653.0,1312.0,"(1, 1, 0)","(1, 1, 0)",
Canada,2016,Historical,2469.0,,,3806.0,1337.0,"(1, 1, 0)","(1, 1, 0)",
Canada,2017,Historical,2847.1,,,4021.3,1174.3,"(1, 1, 0)","(1, 1, 0)",
Canada,2018,Historical,3156.9,,,4330.2,1173.4,"(1, 1, 0)","(1, 1, 0)",
Canada,2019,Historical,3355.0,,,4577.8,1222.8,"(1, 1, 0)","(1, 1, 0)",
Canada,2020,Historical,3287.2,,,4325.6,1038.4,"(1, 1, 0)","(1, 1, 0)",
Canada,2021,Historical,3619.9,,,4554.9,935.0,"(1, 1, 0)","(1, 1, 0)",
Canada,2022,Historical,3714.6,,,4621.9,907.3,"(1, 1, 0)","(1, 1, 0)",
Canada,2023,Historical,3820.5,,,4711.6,891.0,"(1, 1, 0)","(1, 1, 0)",
Canada,2024,Forecast,3877.6,2886.0,5013.3,4761.6,884.0,"(1, 1, 0)","(1, 1, 0)",11.8
Canada,2025,Forecast,3908.4,2178.8,6145.1,4789.4,881.0,"(1, 1, 0)","(1, 1, 0)",11.8
Canada,2026,Forecast,3925.0,1589.6,7306.3,4804.7,879.7,"(1, 1, 0)","(1, 1, 0)",11.8
Canada,2027,Forecast,3934.1,1101.5,8474.5,4813.1,879.1,"(1, 1, 0)","(1, 1, 0)",11.8
Canada,2028,Forecast,3939.0,691.0,9642.0,4817.8,878.8,"(1, 1, 0)","(1, 1, 0)",11.8
Canada,2029,Forecast,3941.6,338.2,10807.7,4820.3,878.7,"(1, 1, 0)","(1, 1, 0)",11.8
Canada,2030,Forecast,3943.1,28.5,11973.8,4821.8,878.7,"(1, 1, 0)","(1, 1, 0)",11.8
China,1971,Historical,5.0,,,7.0,2.0,"(1, 1, 0)","(2, 1, 3)",
China,1972,Historical,11.0,,,14.0,3.0,"(1, 1, 0)","(2, 1, 3)",
China,1973,Historical,36.0,,,39.0,3.0,"(1, 1, 0)","(2, 1, 3)",
China,1974,Historical,106.0,,,109.0,3.0,"(1, 1, 0)","(2, 1, 3)",
China,1975,Historical,210.0,,,214.0,4.0,"(1, 1, 0)","(2, 1, 3)",
China,1976,Historical,184.0,,,187.0,3.0,"(1, 1, 0)","(2, 1, 3)",
China,1977,Historical,193.0,,,207.0,14.0,"(1, 1, 0)","(2, 1, 3)",
China,1978,Historical,243.0,,,261.0,18.0,"(1, 1, 0)","(2, 1, 3)",
China,1979,Historical,310.0,,,317.0,7.0,"(1, 1, 0)","(2, 1, 3)",
China,1980,Historical,347.0,,,363.0,16.0,"(1, 1, 0)","(2, 1, 3)",
China,1981,Historical,369.0,,,383.0,14.0,"(1, 1, 0)","(2, 1, 3)",
China,1982,Historical,395.0,,,426.0,31.0,"(1, 1, 0)","(2, 1, 3)",
China,1983,Historical,400.0,,,426.0,26.0,"(1, 1, 0)","(2, 1, 3)",
China,1984,Historical,557.0,,,579.0,22.0,"(1, 1, 0)","(2, 1, 3)",
China,1985,Historical,723.0,,,745.0,22.0,"(1, 1, 0)","(2, 1, 3)",
China,1986,Historical,629.0,,,699.0,70.0,"(1, 1, 0)","(2, 1, 3)",
China,1987,Historical,588.0,,,660.0,72.0,"(1, 1, 0)","(2, 1, 3)",
China,1988,Historical,542.0,,,638.0,96.0,"(1, 1, 0)","(2, 1, 3)",
China,1989,Historical,425.0,,,624.0,199.0,"(1, 1, 0)","(2, 1, 3)",
China,1990,Historical,491.0,,,621.0,130.0,"(1, 1, 0)","(2, 1, 3)",
China,1991,Historical,367.0,,,585.0,218.0,"(1, 1, 0)","(2, 1, 3)",
China,1992,Historical,177.0,,,551.0,374.0,"(1, 1, 0)","(2, 1, 3)",
China,1993,Historical,-199.0,,,488.0,687.0,"(1, 1, 0)","(2, 1, 3)",
China,1994,Historical,-70.0,,,466.0,536.0,"(1, 1, 0)","(2, 1, 3)",
China,1995,Historical,-225.0,,,476.0,701.0,"(1, 1, 0)","(2, 1, 3)",
China,1996,Historical,-341.0,,,526.0,867.0,"(1, 1, 0)","(2, 1, 3)",
China,1997,Historical,-773.0,,,554.0,1327.0,"(1, 1, 0)","(2, 1, 3)",
China,1998,Historical,-665.0,,,460.0,1125.0,"(1, 1, 0)","(2, 1, 3)",
China,1999,Historical,-920.0,,,329.0,1249.0,"(1, 1, 0)","(2, 1, 3)",
China,2000,Historical,-1491.0,,,427.0,1918.0,"(1, 1, 0)","(2, 1, 3)",
China,2001,Historical,-1384.0,,,401.0,1785.0,"(1, 1, 0)","(2, 1, 3)",
China,2002,Historical,-1604.0,,,420.0,2024.0,"(1, 1, 0)","(2, 1, 3)",
China,2003,Historical,-2116.0,,,494.0,2610.0,"(1, 1, 0)","(2, 1, 3)",
China,2004,Historical,-3008.0,,,396.0,3404.0,"(1, 1, 0)","(2, 1, 3)",
China,2005,Historical,-2867.0,,,515.0,3382.0,"(1, 1, 0)","(2, 1, 3)",
China,2006,Historical,-3367.0,,,448.0,3815.0,"(1, 1, 0)","(2, 1, 3)",
China,2007,Historical,-3669.0,,,457.0,4126.0,"(1, 1, 0)","(2, 1, 3)",
China,2008,Historical,-4003.0,,,496.0,4499.0,"(1, 1, 0)","(2, 1, 3)",
China,2009,Historical,-4364.0,,,681.0,5045.0,"(1, 1, 0)","(2, 1, 3)",
China,2010,Historical,-5048.0,,,687.0,5735.0,"(1, 1, 0)","(2, 1, 3)",
China,2011,Historical,-5490.0,,,667.0,6157.0,"(1, 1, 0)","(2, 1, 3)",
China,2012,Historical,-5827.0,,,622.0,6449.0,"(1, 1, 0)","(2, 1, 3)",
China,2013,Historical,-6005.0,,,704.0,6709.0,"(1, 1, 0)","(2, 1, 3)",
China,2014,Historical,-6429.0,,,721.0,7150.0,"(1, 1, 0)","(2, 1, 3)",
China,2015,Historical,-6980.0,,,904.0,7884.0,"(1, 1, 0)","(2, 1, 3)",
China,2016,Historical,-7695.0,,,1163.0,8858.0,"(1, 1, 0)","(2, 1, 3)",
China,2017,Historical,-8532.7,,,1279.0,9811.7,"(1, 1, 0)","(2, 1, 3)",
China,2018,Historical,-9405.9,,,1376.4,10782.4,"(1, 1, 0)","(2, 1, 3)",
China,2019,Historical,-10088.8,,,1528.1,11617.0,"(1, 1, 0)","(2, 1, 3)",
China,2020,Historical,-10877.6,,,1395.7,12273.3,"(1, 1, 0)","(2, 1, 3)",
China,2021,Historical,-10479.5,,,1379.6,11859.1,"(1, 1, 0)","(2, 1, 3)",
China,2022,Historical,-10634.1,,,1222.6,11856.7,"(1, 1, 0)","(2, 1, 3)",
China,2023,Historical,-12222.7,,,1398.6,13621.2,"(1, 1, 0)","(2, 1, 3)",
China,2024,Forecast,-12902.8,-25867.2,-5422.1,1530.9,14433.7,"(1, 1, 0)","(2, 1, 3)",10.6
China,2025,Forecast,-13627.1,-30751.2,-3704.4,1627.0,15254.1,"(1, 1, 0)","(2, 1, 3)",10.6
China,2026,Forecast,-14301.6,-33885.7,-1747.2,1695.0,15996.5,"(1, 1, 0)","(2, 1, 3)",10.6
China,2027,Forecast,-15110.4,-40459.8,1538.7,1742.3,16852.7,"(1, 1, 0)","(2, 1, 3)",10.6
China,2028,Forecast,-15890.5,-46152.4,5540.0,1774.9,17665.4,"(1, 1, 0)","(2, 1, 3)",10.6
China,2029,Forecast,-16767.0,-55600.1,10991.6,1797.2,18564.2,"(1, 1, 0)","(2, 1, 3)",10.6
China,2030,Forecast,-17630.9,-65309.4,17620.1,1812.3,19443.2,"(1, 1, 0)","(2, 1, 3)",10.6
France,1971,Historical,-2100.0,,,245.0,2345.0,"(0, 1, 0)","(2, 0, 1)",
France,1972,Historical,-2301.0,,,258.0,2559.0,"(0, 1, 0)","(2, 0, 1)",
France,1973,Historical,-2595.0,,,281.0,2876.0,"(0, 1, 0)","(2, 0, 1)",
France,1974,Historical,-2525.0,,,237.0,2762.0,"(0, 1, 0)","(2, 0, 1)",
France,1975,Historical,-2065.0,,,236.0,2301.0,"(0, 1, 0)","(2, 0, 1)",
France,1976,Historical,-2402.0,,,210.0,2612.0,"(0, 1, 0)","(2, 0, 1)",
France,1977,Historical,-2256.0,,,279.0,2535.0,"(0, 1, 0)","(2, 0, 1)",
France,1978,Historical,-2250.0,,,273.0,2523.0,"(0, 1, 0)","(2, 0, 1)",
France,1979,Historical,-2440.0,,,335.0,2775.0,"(0, 1, 0)","(2, 0, 1)",
France,1980,Historical,-2266.0,,,279.0,2545.0,"(0, 1, 0)","(2, 0, 1)",
France,1981,Historical,-1908.0,,,308.0,2216.0,"(0, 1, 0)","(2, 0, 1)",
France,1982,Historical,-1790.0,,,244.0,2034.0,"(0, 1, 0)","(2, 0, 1)",
France,1983,Historical,-1685.0,,,223.0,1908.0,"(0, 1, 0)","(2, 0, 1)",
France,1984,Historical,-1709.0,,,226.0,1935.0,"(0, 1, 0)","(2, 0, 1)",
France,1985,Historical,-1644.0,,,246.0,1890.0,"(0, 1, 0)","(2, 0, 1)",
France,1986,Historical,-1661.0,,,255.0,1916.0,"(0, 1, 0)","(2, 0, 1)",
France,1987,Historical,-1734.0,,,239.0,1973.0,"(0, 1, 0)","(2, 0, 1)",
France,1988,Historical,-1720.0,,,264.0,1984.0,"(0, 1, 0)","(2, 0, 1)",
France,1989,Historical,-1753.0,,,257.0,2010.0,"(0, 1, 0)","(2, 0, 1)",
France,1990,Historical,-1756.0,,,305.0,2061.0,"(0, 1, 0)","(2, 0, 1)",
France,1991,Historical,-1856.0,,,307.0,2163.0,"(0, 1, 0)","(2, 0, 1)",
France,1992,Historical,-1774.0,,,312.0,2086.0,"(0, 1, 0)","(2, 0, 1)",
France,1993,Historical,-1759.0,,,350.0,2109.0,"(0, 1, 0)","(2, 0, 1)",
France,1994,Historical,-1658.0,,,377.0,2035.0,"(0, 1, 0)","(2, 0, 1)",
France,1995,Historical,-1727.0,,,337.0,2064.0,"(0, 1, 0)","(2, 0, 1)",
France,1996,Historical,-1800.0,,,394.0,2194.0,"(0, 1, 0)","(2, 0, 1)",
France,1997,Historical,-1776.0,,,423.0,2199.0,"(0, 1, 0)","(2, 0, 1)",
France,1998,Historical,-1873.0,,,451.0,2324.0,"(0, 1, 0)","(2, 0, 1)",
France,1999,Historical,-1820.0,,,414.0,2234.0,"(0, 1, 0)","(2, 0, 1)",
France,2000,Historical,-1808.0,,,482.0,2290.0,"(0, 1, 0)","(2, 0, 1)",
France,2001,Historical,-1909.0,,,421.0,2330.0,"(0, 1, 0)","(2, 0, 1)",
France,2002,Historical,-1892.0,,,408.0,2300.0,"(0, 1, 0)","(2, 0, 1)",
France,2003,Historical,-1893.0,,,477.0,2370.0,"(0, 1, 0)","(2, 0, 1)",
France,2004,Historical,-1890.0,,,504.0,2394.0,"(0, 1, 0)","(2, 0, 1)",
France,2005,Historical,-1901.0,,,580.0,2481.0,"(0, 1, 0)","(2, 0, 1)",
France,2006,Historical,-1878.0,,,590.0,2468.0,"(0, 1, 0)","(2, 0, 1)",
France,2007,Historical,-1851.0,,,553.0,2404.0,"(0, 1, 0)","(2, 0, 1)",
France,2008,Historical,-1778.0,,,654.0,2432.0,"(0, 1, 0)","(2, 0, 1)",
France,2009,Historical,-1718.0,,,540.0,2258.0,"(0, 1, 0)","(2, 0, 1)",
France,2010,Historical,-1653.0,,,486.0,2139.0,"(0, 1, 0)","(2, 0, 1)",
France,2011,Historical,-1712.0,,,454.0,2166.0,"(0, 1, 0)","(2, 0, 1)",
France,2012,Historical,-1664.0,,,422.0,2086.0,"(0, 1, 0)","(2, 0, 1)",
France,2013,Historical,-1649.0,,,408.0,2057.0,"(0, 1, 0)","(2, 0, 1)",
France,2014,Historical,-1629.0,,,410.0,2039.0,"(0, 1, 0)","(2, 0, 1)",
France,2015,Historical,-1645.0,,,453.0,2098.0,"(0, 1, 0)","(2, 0, 1)",
France,2016,Historical,-1570.0,,,444.0,2014.0,"(0, 1, 0)","(2, 0, 1)",
France,2017,Historical,-1610.7,,,441.4,2052.1,"(0, 1, 0)","(2, 0, 1)",
France,2018,Historical,-1543.8,,,432.9,1976.7,"(0, 1, 0)","(2, 0, 1)",
France,2019,Historical,-1570.8,,,372.3,1943.2,"(0, 1, 0)","(2, 0, 1)",
France,2020,Historical,-1314.5,,,274.3,1588.8,"(0, 1, 0)","(2, 0, 1)",
France,2021,Historical,-1387.7,,,270.3,1657.9,"(0, 1, 0)","(2, 0, 1)",
France,2022,Historical,-1407.8,,,296.3,1704.1,"(0, 1, 0)","(2, 0, 1)",
France,2023,Historical,-1410.5,,,313.9,1724.5,"(0, 1, 0)","(2, 0, 1)",
France,2024,Forecast,-1507.2,-1785.9,-1234.1,313.9,1821.2,"(0, 1, 0)","(2, 0, 1)",31.7
France,2025,Forecast,-1616.1,-2013.8,-1227.4,313.9,1930.1,"(0, 1, 0)","(2, 0, 1)",31.7
France,2026,Forecast,-1732.8,-2218.3,-1256.1,313.9,2046.8,"(0, 1, 0)","(2, 0, 1)",31.7
France,2027,Forecast,-1852.0,-2404.3,-1304.2,313.9,2166.0,"(0, 1, 0)","(2, 0, 1)",31.7
France,2028,Forecast,-1967.9,-2570.0,-1361.6,313.9,2281.9,"(0, 1, 0)","(2, 0, 1)",31.7
France,2029,Forecast,-2074.5,-2713.0,-1419.5,313.9,2388.4,"(0, 1, 0)","(2, 0, 1)",31.7
France,2030,Forecast,-2166.1,-2831.9,-1469.4,313.9,2480.0,"(0, 1, 0)","(2, 0, 1)",31.7
Germany,1971,Historical,-2814.0,,,188.0,3002.0,"(0, 1, 0)","(1, 0, 0)",
Germany,1972,Historical,-2964.0,,,178.0,3142.0,"(0, 1, 0)","(1, 0, 0)",
Germany,1973,Historical,-3208.0,,,203.0,3411.0,"(0, 1, 0)","(1, 0, 0)",
Germany,1974,Historical,-2956.0,,,222.0,3178.0,"(0, 1, 0)","(1, 0, 0)",
Germany,1975,Historical,-2756.0,,,176.0,2932.0,"(0, 1, 0)","(1, 0, 0)",
Germany,1976,Historical,-3086.0,,,167.0,3253.0,"(0, 1, 0)","(1, 0, 0)",
Germany,1977,Historical,-3091.0,,,159.0,3250.0,"(0, 1, 0)","(1, 0, 0)",
Germany,1978,Historical,-3153.0,,,155.0,3308.0,"(0, 1, 0)","(1, 0, 0)",
Germany,1979,Historical,-3243.0,,,166.0,3409.0,"(0, 1, 0)","(1, 0, 0)",
Germany,1980,Historical,-2970.0,,,226.0,3196.0,"(0, 1, 0)","(1, 0, 0)",
Germany,1981,Historical,-2522.0,,,210.0,2732.0,"(0, 1, 0)","(1, 0, 0)",
Germany,1982,Historical,-2365.0,,,281.0,2646.0,"(0, 1, 0)","(1, 0, 0)",
Germany,1983,Historical,-2322.0,,,268.0,2590.0,"(0, 1, 0)","(1, 0, 0)",
Germany,1984,Historical,-2342.0,,,254.0,2596.0,"(0, 1, 0)","(1, 0, 0)",
Germany,1985,Historical,-2416.0,,,228.0,2644.0,"(0, 1, 0)","(1, 0, 0)",
Germany,1986,Historical,-2632.0,,,169.0,2801.0,"(0, 1, 0)","(1, 0, 0)",
Germany,1987,Historical,-2548.0,,,151.0,2699.0,"(0, 1, 0)","(1, 0, 0)",
Germany,1988,Historical,-2543.0,,,183.0,2726.0,"(0, 1, 0)","(1, 0, 0)",
Germany,1989,Historical,-2391.0,,,219.0,2610.0,"(0, 1, 0)","(1, 0, 0)",
Germany,1990,Historical,-2460.0,,,208.0,2668.0,"(0, 1, 0)","(1, 0, 0)",
Germany,1991,Historical,-2636.0,,,180.0,2816.0,"(0, 1, 0)","(1, 0, 0)",
Germany,1992,Historical,-2707.0,,,274.0,2981.0,"(0, 1, 0)","(1, 0, 0)",
Germany,1993,Historical,-2678.0,,,306.0,2984.0,"(0, 1, 0)","(1, 0, 0)",
Germany,1994,Historical,-2683.0,,,344.0,3027.0,"(0, 1, 0)","(1, 0, 0)",
Germany,1995,Historical,-2652.0,,,312.0,2964.0,"(0, 1, 0)","(1, 0, 0)",
Germany,1996,Historical,-2743.0,,,325.0,3068.0,"(0, 1, 0)","(1, 0, 0)",
Germany,1997,Historical,-2756.0,,,332.0,3088.0,"(0, 1, 0)","(1, 0, 0)",
Germany,1998,Historical,-2836.0,,,338.0,3174.0,"(0, 1, 0)","(1, 0, 0)",
Germany,1999,Historical,-2591.0,,,383.0,2974.0,"(0, 1, 0)","(1, 0, 0)",
Germany,2000,Historical,-2545.0,,,452.0,2997.0,"(0, 1, 0)","(1, 0, 0)",
Germany,2001,Historical,-2661.0,,,405.0,3066.0,"(0, 1, 0)","(1, 0, 0)",
Germany,2002,Historical,-2486.0,,,413.0,2899.0,"(0, 1, 0)","(1, 0, 0)",
Germany,2003,Historical,-2523.0,,,402.0,2925.0,"(0, 1, 0)","(1, 0, 0)",
Germany,2004,Historical,-2437.0,,,513.0,2950.0,"(0, 1, 0)","(1, 0, 0)",
Germany,2005,Historical,-2463.0,,,557.0,3020.0,"(0, 1, 0)","(1, 0, 0)",
Germany,2006,Historical,-2429.0,,,575.0,3004.0,"(0, 1, 0)","(1, 0, 0)",
Germany,2007,Historical,-2183.0,,,593.0,2776.0,"(0, 1, 0)","(1, 0, 0)",
Germany,2008,Historical,-2329.0,,,530.0,2859.0,"(0, 1, 0)","(1, 0, 0)",
Germany,2009,Historical,-2216.0,,,466.0,2682.0,"(0, 1, 0)","(1, 0, 0)",
Germany,2010,Historical,-2258.0,,,386.0,2644.0,"(0, 1, 0)","(1, 0, 0)",
Germany,2011,Historical,-2150.0,,,381.0,2531.0,"(0, 1, 0)","(1, 0, 0)",
Germany,2012,Historical,-2180.0,,,390.0,2570.0,"(0, 1, 0)","(1, 0, 0)",
Germany,2013,Historical,-2217.0,,,416.0,2633.0,"(0, 1, 0)","(1, 0, 0)",
Germany,2014,Historical,-2162.0,,,437.0,2599.0,"(0, 1, 0)","(1, 0, 0)",
Germany,2015,Historical,-2181.0,,,464.0,2645.0,"(0, 1, 0)","(1, 0, 0)",
Germany,2016,Historical,-2195.0,,,469.0,2664.0,"(0, 1, 0)","(1, 0, 0)",
Germany,2017,Historical,-2232.2,,,483.2,2715.4,"(0, 1, 0)","(1, 0, 0)",
Germany,2018,Historical,-2127.7,,,462.6,2590.3,"(0, 1, 0)","(1, 0, 0)",
Germany,2019,Historical,-2193.3,,,453.7,2647.0,"(0, 1, 0)","(1, 0, 0)",
Germany,2020,Historical,-1964.3,,,456.4,2420.7,"(0, 1, 0)","(1, 0, 0)",
Germany,2021,Historical,-1926.0,,,524.0,2450.0,"(0, 1, 0)","(1, 0, 0)",
Germany,2022,Historical,-1989.8,,,568.1,2557.9,"(0, 1, 0)","(1, 0, 0)",
Germany,2023,Historical,-1829.1,,,508.8,2337.9,"(0, 1, 0)","(1, 0, 0)",
Germany,2024,Forecast,-1882.6,-2233.4,-1516.6,508.8,2391.4,"(0, 1, 0)","(1, 0, 0)",8.8
Germany,2025,Forecast,-1930.3,-2409.1,-1416.7,508.8,2439.1,"(0, 1, 0)","(1, 0, 0)",8.8
Germany,2026,Forecast,-1972.8,-2539.1,-1348.3,508.8,2481.6,"(0, 1, 0)","(1, 0, 0)",8.8
Germany,2027,Forecast,-2010.6,-2642.5,-1294.0,508.8,2519.4,"(0, 1, 0)","(1, 0, 0)",8.8
Germany,2028,Forecast,-2044.1,-2727.3,-1247.1,508.8,2552.9,"(0, 1, 0)","(1, 0, 0)",8.8
Germany,2029,Forecast,-2073.7,-2798.1,-1204.3,508.8,2582.5,"(0, 1, 0)","(1, 0, 0)",8.8
Germany,2030,Forecast,-2099.9,-2858.0,-1163.8,508.8,2608.7,"(0, 1, 0)","(1, 0, 0)",8.8
India,1971,Historical,-298.0,,,4.0,302.0,"(1, 1, 0)","(1, 1, 1)",
India,1972,Historical,-306.0,,,2.0,308.0,"(1, 1, 0)","(1, 1, 1)",
India,1973,Historical,-349.0,,,3.0,352.0,"(1, 1, 0)","(1, 1, 1)",
India,1974,Historical,-337.0,,,5.0,342.0,"(1, 1, 0)","(1, 1, 1)",
India,1975,Historical,-319.0,,,4.0,323.0,"(1, 1, 0)","(1, 1, 1)",
India,1976,Historical,-329.0,,,1.0,330.0,"(1, 1, 0)","(1, 1, 1)",
India,1977,Historical,-349.0,,,1.0,350.0,"(1, 1, 0)","(1, 1, 1)",
India,1978,Historical,-370.0,,,1.0,371.0,"(1, 1, 0)","(1, 1, 1)",
India,1979,Historical,-421.0,,,3.0,424.0,"(1, 1, 0)","(1, 1, 1)",
India,1980,Historical,-461.0,,,13.0,474.0,"(1, 1, 0)","(1, 1, 1)",
India,1981,Historical,-393.0,,,22.0,415.0,"(1, 1, 0)","(1, 1, 1)",
India,1982,Historical,-339.0,,,108.0,447.0,"(1, 1, 0)","(1, 1, 1)",
India,1983,Historical,-266.0,,,145.0,411.0,"(1, 1, 0)","(1, 1, 1)",
India,1984,Historical,-241.0,,,152.0,393.0,"(1, 1, 0)","(1, 1, 1)",
India,1985,Historical,-341.0,,,58.0,399.0,"(1, 1, 0)","(1, 1, 1)",
India,1986,Historical,-324.0,,,57.0,381.0,"(1, 1, 0)","(1, 1, 1)",
India,1987,Historical,-366.0,,,75.0,441.0,"(1, 1, 0)","(1, 1, 1)",
India,1988,Historical,-438.0,,,51.0,489.0,"(1, 1, 0)","(1, 1, 1)",
India,1989,Historical,-472.0,,,62.0,534.0,"(1, 1, 0)","(1, 1, 1)",
India,1990,Historical,-546.0,,,59.0,605.0,"(1, 1, 0)","(1, 1, 1)",
India,1991,Historical,-622.0,,,64.0,686.0,"(1, 1, 0)","(1, 1, 1)",
India,1992,Historical,-751.0,,,80.0,831.0,"(1, 1, 0)","(1, 1, 1)",
India,1993,Historical,-796.0,,,86.0,882.0,"(1, 1, 0)","(1, 1, 1)",
India,1994,Historical,-776.0,,,75.0,851.0,"(1, 1, 0)","(1, 1, 1)",
India,1995,Historical,-894.0,,,79.0,973.0,"(1, 1, 0)","(1, 1, 1)",
India,1996,Historical,-1037.0,,,72.0,1109.0,"(1, 1, 0)","(1, 1, 1)",
India,1997,Historical,-1119.0,,,75.0,1194.0,"(1, 1, 0)","(1, 1, 1)",
India,1998,Historical,-1299.0,,,26.0,1325.0,"(1, 1, 0)","(1, 1, 1)",
India,1999,Historical,-1479.0,,,63.0,1542.0,"(1, 1, 0)","(1, 1, 1)",
India,2000,Historical,-1539.0,,,170.0,1709.0,"(1, 1, 0)","(1, 1, 1)",
India,2001,Historical,-1554.0,,,204.0,1758.0,"(1, 1, 0)","(1, 1, 1)",
India,2002,Historical,-1623.0,,,209.0,1832.0,"(1, 1, 0)","(1, 1, 1)",
India,2003,Historical,-1711.0,,,320.0,2031.0,"(1, 1, 0)","(1, 1, 1)",
India,2004,Historical,-1733.0,,,430.0,2163.0,"(1, 1, 0)","(1, 1, 1)",
India,2005,Historical,-1822.0,,,497.0,2319.0,"(1, 1, 0)","(1, 1, 1)",
India,2006,Historical,-1946.0,,,711.0,2657.0,"(1, 1, 0)","(1, 1, 1)",
India,2007,Historical,-2109.0,,,871.0,2980.0,"(1, 1, 0)","(1, 1, 1)",
India,2008,Historical,-2285.0,,,825.0,3110.0,"(1, 1, 0)","(1, 1, 1)",
India,2009,Historical,-2470.0,,,1095.0,3565.0,"(1, 1, 0)","(1, 1, 1)",
India,2010,Historical,-2469.0,,,1266.0,3735.0,"(1, 1, 0)","(1, 1, 1)",
India,2011,Historical,-2541.0,,,1341.0,3882.0,"(1, 1, 0)","(1, 1, 1)",
India,2012,Historical,-2759.0,,,1383.0,4142.0,"(1, 1, 0)","(1, 1, 1)",
India,2013,Historical,-2779.0,,,1470.0,4249.0,"(1, 1, 0)","(1, 1, 1)",
India,2014,Historical,-2945.0,,,1409.0,4354.0,"(1, 1, 0)","(1, 1, 1)",
India,2015,Historical,-3441.0,,,1345.0,4786.0,"(1, 1, 0)","(1, 1, 1)",
India,2016,Historical,-3685.0,,,1451.0,5136.0,"(1, 1, 0)","(1, 1, 1)",
India,2017,Historical,-3796.3,,,1477.3,5273.6,"(1, 1, 0)","(1, 1, 1)",
India,2018,Historical,-4061.0,,,1339.4,5400.4,"(1, 1, 0)","(1, 1, 1)",
India,2019,Historical,-4209.6,,,1458.6,5668.1,"(1, 1, 0)","(1, 1, 1)",
India,2020,Historical,-3785.4,,,1247.3,5032.7,"(1, 1, 0)","(1, 1, 1)",
India,2021,Historical,-3904.4,,,1398.5,5302.9,"(1, 1, 0)","(1, 1, 1)",
India,2022,Historical,-4704.5,,,1302.8,6007.3,"(1, 1, 0)","(1, 1, 1)",
India,2023,Historical,-4950.7,,,1340.6,6291.3,"(1, 1, 0)","(1, 1, 1)",
India,2024,Forecast,-5190.6,-6997.8,-2123.1,1351.7,6542.3,"(1, 1, 0)","(1, 1, 1)",10.1
India,2025,Forecast,-5442.4,-8102.1,1108.8,1354.9,6797.3,"(1, 1, 0)","(1, 1, 1)",10.1
India,2026,Forecast,-5700.5,-9109.3,5410.9,1355.8,7056.3,"(1, 1, 0)","(1, 1, 1)",10.1
India,2027,Forecast,-5963.1,-10134.5,10928.2,1356.1,7319.1,"(1, 1, 0)","(1, 1, 1)",10.1
India,2028,Forecast,-6229.4,-11224.3,17848.6,1356.1,7585.6,"(1, 1, 0)","(1, 1, 1)",10.1
India,2029,Forecast,-6499.3,-12404.7,26401.6,1356.2,7855.5,"(1, 1, 0)","(1, 1, 1)",10.1
India,2030,Forecast,-6772.5,-13694.9,36853.0,1356.2,8128.7,"(1, 1, 0)","(1, 1, 1)",10.1
Iran,1971,Historical,4246.0,,,4246.0,0.0,"(1, 0, 1)","(0, 1, 0)",
Iran,1972,Historical,4749.0,,,4749.0,0.0,"(1, 0, 1)","(0, 1, 0)",
Iran,1973,Historical,5520.0,,,5521.0,1.0,"(1, 0, 1)","(0, 1, 0)",
Iran,1974,Historical,5612.0,,,5613.0,1.0,"(1, 0, 1)","(0, 1, 0)",
Iran,1975,Historical,4908.0,,,4909.0,1.0,"(1, 0, 1)","(0, 1, 0)",
Iran,1976,Historical,5393.0,,,5393.0,0.0,"(1, 0, 1)","(0, 1, 0)",
Iran,1977,Historical,5002.0,,,5003.0,1.0,"(1, 0, 1)","(0, 1, 0)",
Iran,1978,Historical,3882.0,,,3885.0,3.0,"(1, 0, 1)","(0, 1, 0)",
Iran,1979,Historical,2977.0,,,2979.0,2.0,"(1, 0, 1)","(0, 1, 0)",
Iran,1980,Historical,827.0,,,866.0,39.0,"(1, 0, 1)","(0, 1, 0)",
Iran,1981,Historical,715.0,,,798.0,83.0,"(1, 0, 1)","(0, 1, 0)",
Iran,1982,Historical,1568.0,,,1672.0,104.0,"(1, 0, 1)","(0, 1, 0)",
Iran,1983,Historical,1773.0,,,1980.0,207.0,"(1, 0, 1)","(0, 1, 0)",
Iran,1984,Historical,1361.0,,,1551.0,190.0,"(1, 0, 1)","(0, 1, 0)",
Iran,1985,Historical,1339.0,,,1592.0,253.0,"(1, 0, 1)","(0, 1, 0)",
Iran,1986,Historical,924.0,,,1160.0,236.0,"(1, 0, 1)","(0, 1, 0)",
Iran,1987,Historical,1433.0,,,1671.0,238.0,"(1, 0, 1)","(0, 1, 0)",
Iran,1988,Historical,1651.0,,,1861.0,210.0,"(1, 0, 1)","(0, 1, 0)",
Iran,1989,Historical,1942.0,,,2114.0,172.0,"(1, 0, 1)","(0, 1, 0)",
Iran,1990,Historical,2288.0,,,2444.0,156.0,"(1, 0, 1)","(0, 1, 0)",
Iran,1991,Historical,2379.0,,,2573.0,194.0,"(1, 0, 1)","(0, 1, 0)",
Iran,1992,Historical,2612.0,,,2820.0,208.0,"(1, 0, 1)","(0, 1, 0)",
Iran,1993,Historical,2758.0,,,2891.0,133.0,"(1, 0, 1)","(0, 1, 0)",
Iran,1994,Historical,2635.0,,,2708.0,73.0,"(1, 0, 1)","(0, 1, 0)",
Iran,1995,Historical,2669.0,,,2745.0,76.0,"(1, 0, 1)","(0, 1, 0)",
Iran,1996,Historical,2684.0,,,2744.0,60.0,"(1, 0, 1)","(0, 1, 0)",
Iran,1997,Historical,2516.0,,,2577.0,61.0,"(1, 0, 1)","(0, 1, 0)",
Iran,1998,Historical,2565.0,,,2642.0,77.0,"(1, 0, 1)","(0, 1, 0)",
Iran,1999,Historical,2486.0,,,2515.0,29.0,"(1, 0, 1)","(0, 1, 0)",
Iran,2000,Historical,2653.0,,,2699.0,46.0,"(1, 0, 1)","(0, 1, 0)",
Iran,2001,Historical,2391.0,,,2456.0,65.0,"(1, 0, 1)","(0, 1, 0)",
Iran,2002,Historical,2412.0,,,2519.0,107.0,"(1, 0, 1)","(0, 1, 0)",
Iran,2003,Historical,2785.0,,,2984.0,199.0,"(1, 0, 1)","(0, 1, 0)",
Iran,2004,Historical,2777.0,,,3016.0,239.0,"(1, 0, 1)","(0, 1, 0)",
Iran,2005,Historical,2697.0,,,2917.0,220.0,"(1, 0, 1)","(0, 1, 0)",
Iran,2006,Historical,2708.0,,,3061.0,353.0,"(1, 0, 1)","(0, 1, 0)",
Iran,2007,Historical,2794.0,,,3105.0,311.0,"(1, 0, 1)","(0, 1, 0)",
Iran,2008,Historical,2594.0,,,2902.0,308.0,"(1, 0, 1)","(0, 1, 0)",
Iran,2009,Historical,2488.0,,,2803.0,315.0,"(1, 0, 1)","(0, 1, 0)",
Iran,2010,Historical,2696.0,,,2886.0,190.0,"(1, 0, 1)","(0, 1, 0)",
Iran,2011,Historical,2799.0,,,2868.0,69.0,"(1, 0, 1)","(0, 1, 0)",
Iran,2012,Historical,1596.0,,,1640.0,44.0,"(1, 0, 1)","(0, 1, 0)",
Iran,2013,Historical,1492.0,,,1555.0,63.0,"(1, 0, 1)","(0, 1, 0)",
Iran,2014,Historical,1262.0,,,1337.0,75.0,"(1, 0, 1)","(0, 1, 0)",
Iran,2015,Historical,1462.0,,,1554.0,92.0,"(1, 0, 1)","(0, 1, 0)",
Iran,2016,Historical,2566.0,,,2675.0,109.0,"(1, 0, 1)","(0, 1, 0)",
Iran,2017,Historical,2582.5,,,2695.1,112.6,"(1, 0, 1)","(0, 1, 0)",
Iran,2018,Historical,2259.4,,,2398.3,138.9,"(1, 0, 1)","(0, 1, 0)",
Iran,2019,Historical,1258.6,,,1296.8,38.2,"(1, 0, 1)","(0, 1, 0)",
Iran,2020,Historical,999.7,,,1036.3,36.6,"(1, 0, 1)","(0, 1, 0)",
Iran,2021,Historical,1280.8,,,1319.3,38.5,"(1, 0, 1)","(0, 1, 0)",
Iran,2022,Historical,1441.7,,,1481.2,39.5,"(1, 0, 1)","(0, 1, 0)",
Iran,2023,Historical,1552.7,,,1592.9,40.2,"(1, 0, 1)","(0, 1, 0)",
Iran,2024,Forecast,1739.2,970.3,2862.8,1779.3,40.2,"(1, 0, 1)","(0, 1, 0)",174.3
Iran,2025,Forecast,1911.6,731.2,4025.1,1951.7,40.2,"(1, 0, 1)","(0, 1, 0)",174.3
Iran,2026,Forecast,2039.8,608.4,4701.4,2079.9,40.2,"(1, 0, 1)","(0, 1, 0)",174.3
Iran,2027,Forecast,2132.8,496.5,5112.2,2173.0,40.2,"(1, 0, 1)","(0, 1, 0)",174.3
Iran,2028,Forecast,2199.2,370.4,5365.9,2239.4,40.2,"(1, 0, 1)","(0, 1, 0)",174.3
Iran,2029,Forecast,2246.0,220.3,5525.4,2286.2,40.2,"(1, 0, 1)","(0, 1, 0)",174.3
Iran,2030,Forecast,2278.8,40.9,5627.5,2319.0,40.2,"(1, 0, 1)","(0, 1, 0)",174.3
Iraq,1971,Historical,1620.0,,,1621.0,1.0,"(0, 1, 0)","(0, 1, 0)",
Iraq,1972,Historical,1393.0,,,1395.0,2.0,"(0, 1, 0)","(0, 1, 0)",
Iraq,1973,Historical,1933.0,,,1934.0,1.0,"(0, 1, 0)","(0, 1, 0)",
Iraq,1974,Historical,1891.0,,,1891.0,0.0,"(0, 1, 0)","(0, 1, 0)",
Iraq,1975,Historical,2126.0,,,2126.0,0.0,"(0, 1, 0)","(0, 1, 0)",
Iraq,1976,Historical,2254.0,,,2254.0,0.0,"(0, 1, 0)","(0, 1, 0)",
Iraq,1977,Historical,2207.0,,,2207.0,0.0,"(0, 1, 0)","(0, 1, 0)",
Iraq,1978,Historical,2397.0,,,2398.0,1.0,"(0, 1, 0)","(0, 1, 0)",
Iraq,1979,Historical,3286.0,,,3289.0,3.0,"(0, 1, 0)","(0, 1, 0)",
Iraq,1980,Historical,2472.0,,,2482.0,10.0,"(0, 1, 0)","(0, 1, 0)",
Iraq,1981,Historical,708.0,,,735.0,27.0,"(0, 1, 0)","(0, 1, 0)",
Iraq,1982,Historical,811.0,,,842.0,31.0,"(0, 1, 0)","(0, 1, 0)",
Iraq,1983,Historical,756.0,,,761.0,5.0,"(0, 1, 0)","(0, 1, 0)",
Iraq,1984,Historical,949.0,,,950.0,1.0,"(0, 1, 0)","(0, 1, 0)",
Iraq,1985,Historical,1156.0,,,1157.0,1.0,"(0, 1, 0)","(0, 1, 0)",
Iraq,1986,Historical,1399.0,,,1401.0,2.0,"(0, 1, 0)","(0, 1, 0)",
Iraq,1987,Historical,1804.0,,,1807.0,3.0,"(0, 1, 0)","(0, 1, 0)",
Iraq,1988,Historical,2385.0,,,2386.0,1.0,"(0, 1, 0)","(0, 1, 0)",
Iraq,1989,Historical,2432.0,,,2436.0,4.0,"(0, 1, 0)","(0, 1, 0)",
Iraq,1990,Historical,1752.0,,,1776.0,24.0,"(0, 1, 0)","(0, 1, 0)",
Iraq,1991,Historical,63.0,,,74.0,11.0,"(0, 1, 0)","(0, 1, 0)",
Iraq,1992,Historical,93.0,,,106.0,13.0,"(0, 1, 0)","(0, 1, 0)",
Iraq,1993,Historical,101.0,,,111.0,10.0,"(0, 1, 0)","(0, 1, 0)",
Iraq,1994,Historical,118.0,,,122.0,4.0,"(0, 1, 0)","(0, 1, 0)",
Iraq,1995,Historical,128.0,,,131.0,3.0,"(0, 1, 0)","(0, 1, 0)",
Iraq,1996,Historical,155.0,,,157.0,2.0,"(0, 1, 0)","(0, 1, 0)",
Iraq,1997,Historical,789.0,,,791.0,2.0,"(0, 1, 0)","(0, 1, 0)",
Iraq,1998,Historical,1645.0,,,1647.0,2.0,"(0, 1, 0)","(0, 1, 0)",
Iraq,1999,Historical,2151.0,,,2153.0,2.0,"(0, 1, 0)","(0, 1, 0)",
Iraq,2000,Historical,2131.0,,,2136.0,5.0,"(0, 1, 0)","(0, 1, 0)",
Iraq,2001,Historical,2048.0,,,2076.0,28.0,"(0, 1, 0)","(0, 1, 0)",
Iraq,2002,Historical,1709.0,,,1715.0,6.0,"(0, 1, 0)","(0, 1, 0)",
Iraq,2003,Historical,1072.0,,,1095.0,23.0,"(0, 1, 0)","(0, 1, 0)",
Iraq,2004,Historical,1510.0,,,1557.0,47.0,"(0, 1, 0)","(0, 1, 0)",
Iraq,2005,Historical,1381.0,,,1456.0,75.0,"(0, 1, 0)","(0, 1, 0)",
Iraq,2006,Historical,1488.0,,,1558.0,70.0,"(0, 1, 0)","(0, 1, 0)",
Iraq,2007,Historical,1574.0,,,1677.0,103.0,"(0, 1, 0)","(0, 1, 0)",
Iraq,2008,Historical,1763.0,,,1837.0,74.0,"(0, 1, 0)","(0, 1, 0)",
Iraq,2009,Historical,1846.0,,,1946.0,100.0,"(0, 1, 0)","(0, 1, 0)",
Iraq,2010,Historical,1809.0,,,1907.0,98.0,"(0, 1, 0)","(0, 1, 0)",
Iraq,2011,Historical,2079.0,,,2171.0,92.0,"(0, 1, 0)","(0, 1, 0)",
Iraq,2012,Historical,2313.0,,,2422.0,109.0,"(0, 1, 0)","(0, 1, 0)",
Iraq,2013,Historical,2286.0,,,2386.0,100.0,"(0, 1, 0)","(0, 1, 0)",
Iraq,2014,Historical,2436.0,,,2531.0,95.0,"(0, 1, 0)","(0, 1, 0)",
Iraq,2015,Historical,2947.0,,,3041.0,94.0,"(0, 1, 0)","(0, 1, 0)",
Iraq,2016,Historical,3717.0,,,3817.0,100.0,"(0, 1, 0)","(0, 1, 0)",
Iraq,2017,Historical,3789.9,,,3886.5,96.6,"(0, 1, 0)","(0, 1, 0)",
Iraq,2018,Historical,3814.5,,,3907.9,93.4,"(0, 1, 0)","(0, 1, 0)",
Iraq,2019,Historical,3973.0,,,4072.5,99.5,"(0, 1, 0)","(0, 1, 0)",
Iraq,2020,Historical,3447.7,,,3527.8,80.0,"(0, 1, 0)","(0, 1, 0)",
Iraq,2021,Historical,3304.5,,,3412.1,107.6,"(0, 1, 0)","(0, 1, 0)",
Iraq,2022,Historical,3555.4,,,3670.9,115.5,"(0, 1, 0)","(0, 1, 0)",
Iraq,2023,Historical,3301.1,,,3410.7,109.7,"(0, 1, 0)","(0, 1, 0)",
Iraq,2024,Forecast,3301.1,642.5,10179.2,3410.7,109.7,"(0, 1, 0)","(0, 1, 0)",12.1
Iraq,2025,Forecast,3301.1,-207.0,16051.5,3410.7,109.7,"(0, 1, 0)","(0, 1, 0)",12.1
Iraq,2026,Forecast,3301.1,-994.7,22749.5,3410.7,109.7,"(0, 1, 0)","(0, 1, 0)",12.1
Iraq,2027,Forecast,3301.1,-1877.2,30518.6,3410.7,109.7,"(0, 1, 0)","(0, 1, 0)",12.1
Iraq,2028,Forecast,3301.1,-2933.2,39531.4,3410.7,109.7,"(0, 1, 0)","(0, 1, 0)",12.1
Iraq,2029,Forecast,3301.1,-4224.1,49949.0,3410.7,109.7,"(0, 1, 0)","(0, 1, 0)",12.1
Iraq,2030,Forecast,3301.1,-5809.5,61935.0,3410.7,109.7,"(0, 1, 0)","(0, 1, 0)",12.1
Japan,1971,Historical,-4378.0,,,36.0,4414.0,"(2, 1, 0)","(0, 1, 0)",
Japan,1972,Historical,-4696.0,,,15.0,4711.0,"(2, 1, 0)","(0, 1, 0)",
Japan,1973,Historical,-5469.0,,,57.0,5526.0,"(2, 1, 0)","(0, 1, 0)",
Japan,1974,Historical,-5385.0,,,93.0,5478.0,"(2, 1, 0)","(0, 1, 0)",
Japan,1975,Historical,-4973.0,,,23.0,4996.0,"(2, 1, 0)","(0, 1, 0)",
Japan,1976,Historical,-5239.0,,,9.0,5248.0,"(2, 1, 0)","(0, 1, 0)",
Japan,1977,Historical,-5438.0,,,10.0,5448.0,"(2, 1, 0)","(0, 1, 0)",
Japan,1978,Historical,-5315.0,,,15.0,5330.0,"(2, 1, 0)","(0, 1, 0)",
Japan,1979,Historical,-5599.0,,,11.0,5610.0,"(2, 1, 0)","(0, 1, 0)",
Japan,1980,Historical,-5084.0,,,10.0,5094.0,"(2, 1, 0)","(0, 1, 0)",
Japan,1981,Historical,-4620.0,,,14.0,4634.0,"(2, 1, 0)","(0, 1, 0)",
Japan,1982,Historical,-4437.0,,,10.0,4447.0,"(2, 1, 0)","(0, 1, 0)",
Japan,1983,Historical,-4406.0,,,9.0,4415.0,"(2, 1, 0)","(0, 1, 0)",
Japan,1984,Historical,-4566.0,,,12.0,4578.0,"(2, 1, 0)","(0, 1, 0)",
Japan,1985,Historical,-4339.0,,,13.0,4352.0,"(2, 1, 0)","(0, 1, 0)",
Japan,1986,Historical,-4440.0,,,29.0,4469.0,"(2, 1, 0)","(0, 1, 0)",
Japan,1987,Historical,-4494.0,,,37.0,4531.0,"(2, 1, 0)","(0, 1, 0)",
Japan,1988,Historical,-4762.0,,,19.0,4781.0,"(2, 1, 0)","(0, 1, 0)",
Japan,1989,Historical,-5119.0,,,48.0,5167.0,"(2, 1, 0)","(0, 1, 0)",
Japan,1990,Historical,-5401.0,,,73.0,5474.0,"(2, 1, 0)","(0, 1, 0)",
Japan,1991,Historical,-5259.0,,,103.0,5362.0,"(2, 1, 0)","(0, 1, 0)",
Japan,1992,Historical,-5491.0,,,117.0,5608.0,"(2, 1, 0)","(0, 1, 0)",
Japan,1993,Historical,-5400.0,,,145.0,5545.0,"(2, 1, 0)","(0, 1, 0)",
Japan,1994,Historical,-5762.0,,,151.0,5913.0,"(2, 1, 0)","(0, 1, 0)",
Japan,1995,Historical,-5709.0,,,176.0,5885.0,"(2, 1, 0)","(0, 1, 0)",
Japan,1996,Historical,-5742.0,,,153.0,5895.0,"(2, 1, 0)","(0, 1, 0)",
Japan,1997,Historical,-5635.0,,,174.0,5809.0,"(2, 1, 0)","(0, 1, 0)",
Japan,1998,Historical,-5416.0,,,133.0,5549.0,"(2, 1, 0)","(0, 1, 0)",
Japan,1999,Historical,-5459.0,,,105.0,5564.0,"(2, 1, 0)","(0, 1, 0)",
Japan,2000,Historical,-5560.0,,,88.0,5648.0,"(2, 1, 0)","(0, 1, 0)",
Japan,2001,Historical,-5220.0,,,96.0,5316.0,"(2, 1, 0)","(0, 1, 0)",
Japan,2002,Historical,-5336.0,,,76.0,5412.0,"(2, 1, 0)","(0, 1, 0)",
Japan,2003,Historical,-5373.0,,,78.0,5451.0,"(2, 1, 0)","(0, 1, 0)",
Japan,2004,Historical,-5288.0,,,90.0,5378.0,"(2, 1, 0)","(0, 1, 0)",
Japan,2005,Historical,-5335.0,,,174.0,5509.0,"(2, 1, 0)","(0, 1, 0)",
Japan,2006,Historical,-5081.0,,,196.0,5277.0,"(2, 1, 0)","(0, 1, 0)",
Japan,2007,Historical,-4953.0,,,288.0,5241.0,"(2, 1, 0)","(0, 1, 0)",
Japan,2008,Historical,-4651.0,,,388.0,5039.0,"(2, 1, 0)","(0, 1, 0)",
Japan,2009,Historical,-4278.0,,,345.0,4623.0,"(2, 1, 0)","(0, 1, 0)",
Japan,2010,Historical,-4409.0,,,349.0,4758.0,"(2, 1, 0)","(0, 1, 0)",
Japan,2011,Historical,-4477.0,,,277.0,4754.0,"(2, 1, 0)","(0, 1, 0)",
Japan,2012,Historical,-4573.0,,,258.0,4831.0,"(2, 1, 0)","(0, 1, 0)",
Japan,2013,Historical,-4376.0,,,341.0,4717.0,"(2, 1, 0)","(0, 1, 0)",
Japan,2014,Historical,-4112.0,,,320.0,4432.0,"(2, 1, 0)","(0, 1, 0)",
Japan,2015,Historical,-4029.0,,,373.0,4402.0,"(2, 1, 0)","(0, 1, 0)",
Japan,2016,Historical,-3870.0,,,369.0,4239.0,"(2, 1, 0)","(0, 1, 0)",
Japan,2017,Historical,-3879.3,,,355.9,4235.2,"(2, 1, 0)","(0, 1, 0)",
Japan,2018,Historical,-3721.4,,,355.4,4076.7,"(2, 1, 0)","(0, 1, 0)",
Japan,2019,Historical,-3591.8,,,382.3,3974.2,"(2, 1, 0)","(0, 1, 0)",
Japan,2020,Historical,-3180.3,,,194.0,3374.3,"(2, 1, 0)","(0, 1, 0)",
Japan,2021,Historical,-3342.4,,,265.1,3607.6,"(2, 1, 0)","(0, 1, 0)",
Japan,2022,Historical,-3332.4,,,342.6,3675.0,"(2, 1, 0)","(0, 1, 0)",
Japan,2023,Historical,-3207.8,,,257.7,3465.5,"(2, 1, 0)","(0, 1, 0)",
Japan,2024,Forecast,-3236.5,-3750.8,-2599.4,229.0,3465.5,"(2, 1, 0)","(0, 1, 0)",23.7
Japan,2025,Forecast,-3209.4,-3945.7,-2149.7,256.1,3465.5,"(2, 1, 0)","(0, 1, 0)",23.7
Japan,2026,Forecast,-3195.3,-4087.5,-1904.0,270.2,3465.5,"(2, 1, 0)","(0, 1, 0)",23.7
Japan,2027,Forecast,-3206.9,-4216.4,-1777.2,258.6,3465.5,"(2, 1, 0)","(0, 1, 0)",23.7
Japan,2028,Forecast,-3213.0,-4334.1,-1587.2,252.5,3465.5,"(2, 1, 0)","(0, 1, 0)",23.7
Japan,2029,Forecast,-3208.7,-4440.3,-1343.0,256.8,3465.5,"(2, 1, 0)","(0, 1, 0)",23.7
Japan,2030,Forecast,-3205.9,-4538.7,-1129.4,259.6,3465.5,"(2, 1, 0)","(0, 1, 0)",23.7
Kazakhstan,1971,Historical,0.0,,,0.0,0.0,"(1, 1, 2)","(0, 1, 0)",
Kazakhstan,1972,Historical,0.0,,,0.0,0.0,"(1, 1, 2)","(0, 1, 0)",
Kazakhstan,1973,Historical,0.0,,,0.0,0.0,"(1, 1, 2)","(0, 1, 0)",
Kazakhstan,1974,Historical,0.0,,,0.0,0.0,"(1, 1, 2)","(0, 1, 0)",
Kazakhstan,1975,Historical,0.0,,,0.0,0.0,"(1, 1, 2)","(0, 1, 0)",
Kazakhstan,1976,Historical,0.0,,,0.0,0.0,"(1, 1, 2)","(0, 1, 0)",
Kazakhstan,1977,Historical,0.0,,,0.0,0.0,"(1, 1, 2)","(0, 1, 0)",
Kazakhstan,1978,Historical,0.0,,,0.0,0.0,"(1, 1, 2)","(0, 1, 0)",
Kazakhstan,1979,Historical,0.0,,,0.0,0.0,"(1, 1, 2)","(0, 1, 0)",
Kazakhstan,1980,Historical,0.0,,,0.0,0.0,"(1, 1, 2)","(0, 1, 0)",
Kazakhstan,1981,Historical,0.0,,,0.0,0.0,"(1, 1, 2)","(0, 1, 0)",
Kazakhstan,1982,Historical,0.0,,,0.0,0.0,"(1, 1, 2)","(0, 1, 0)",
Kazakhstan,1983,Historical,0.0,,,0.0,0.0,"(1, 1, 2)","(0, 1, 0)",
Kazakhstan,1984,Historical,0.0,,,0.0,0.0,"(1, 1, 2)","(0, 1, 0)",
Kazakhstan,1985,Historical,0.0,,,0.0,0.0,"(1, 1, 2)","(0, 1, 0)",
Kazakhstan,1986,Historical,0.0,,,0.0,0.0,"(1, 1, 2)","(0, 1, 0)",
Kazakhstan,1987,Historical,0.0,,,0.0,0.0,"(1, 1, 2)","(0, 1, 0)",
Kazakhstan,1988,Historical,0.0,,,0.0,0.0,"(1, 1, 2)","(0, 1, 0)",
Kazakhstan,1989,Historical,0.0,,,0.0,0.0,"(1, 1, 2)","(0, 1, 0)",
Kazakhstan,1990,Historical,98.0,,,426.0,328.0,"(1, 1, 2)","(0, 1, 0)",
Kazakhstan,1991,Historical,62.0,,,482.0,420.0,"(1, 1, 2)","(0, 1, 0)",
Kazakhstan,1992,Historical,73.0,,,432.0,359.0,"(1, 1, 2)","(0, 1, 0)",
Kazakhstan,1993,Historical,119.0,,,377.0,258.0,"(1, 1, 2)","(0, 1, 0)",
Kazakhstan,1994,Historical,143.0,,,216.0,73.0,"(1, 1, 2)","(0, 1, 0)",
Kazakhstan,1995,Historical,177.0,,,223.0,46.0,"(1, 1, 2)","(0, 1, 0)",
Kazakhstan,1996,Historical,250.0,,,278.0,28.0,"(1, 1, 2)","(0, 1, 0)",
Kazakhstan,1997,Historical,320.0,,,371.0,51.0,"(1, 1, 2)","(0, 1, 0)",
Kazakhstan,1998,Historical,325.0,,,385.0,60.0,"(1, 1, 2)","(0, 1, 0)",
Kazakhstan,1999,Historical,458.0,,,492.0,34.0,"(1, 1, 2)","(0, 1, 0)",
Kazakhstan,2000,Historical,536.0,,,614.0,78.0,"(1, 1, 2)","(0, 1, 0)",
Kazakhstan,2001,Historical,631.0,,,719.0,88.0,"(1, 1, 2)","(0, 1, 0)",
Kazakhstan,2002,Historical,761.0,,,853.0,92.0,"(1, 1, 2)","(0, 1, 0)",
Kazakhstan,2003,Historical,847.0,,,929.0,82.0,"(1, 1, 2)","(0, 1, 0)",
Kazakhstan,2004,Historical,961.0,,,1072.0,111.0,"(1, 1, 2)","(0, 1, 0)",
Kazakhstan,2005,Historical,1074.0,,,1188.0,114.0,"(1, 1, 2)","(0, 1, 0)",
Kazakhstan,2006,Historical,1031.0,,,1197.0,166.0,"(1, 1, 2)","(0, 1, 0)",
Kazakhstan,2007,Historical,1056.0,,,1247.0,191.0,"(1, 1, 2)","(0, 1, 0)",
Kazakhstan,2008,Historical,1189.0,,,1303.0,114.0,"(1, 1, 2)","(0, 1, 0)",
Kazakhstan,2009,Historical,1351.0,,,1506.0,155.0,"(1, 1, 2)","(0, 1, 0)",
Kazakhstan,2010,Historical,1383.0,,,1537.0,154.0,"(1, 1, 2)","(0, 1, 0)",
Kazakhstan,2011,Historical,1387.0,,,1505.0,118.0,"(1, 1, 2)","(0, 1, 0)",
Kazakhstan,2012,Historical,1358.0,,,1527.0,169.0,"(1, 1, 2)","(0, 1, 0)",
Kazakhstan,2013,Historical,1318.0,,,1522.0,204.0,"(1, 1, 2)","(0, 1, 0)",
Kazakhstan,2014,Historical,1403.0,,,1463.0,60.0,"(1, 1, 2)","(0, 1, 0)",
Kazakhstan,2015,Historical,1320.0,,,1361.0,41.0,"(1, 1, 2)","(0, 1, 0)",
Kazakhstan,2016,Historical,1259.0,,,1301.0,42.0,"(1, 1, 2)","(0, 1, 0)",
Kazakhstan,2017,Historical,1452.7,,,1498.0,45.3,"(1, 1, 2)","(0, 1, 0)",
Kazakhstan,2018,Historical,1485.4,,,1520.9,35.5,"(1, 1, 2)","(0, 1, 0)",
Kazakhstan,2019,Historical,1505.0,,,1517.5,12.5,"(1, 1, 2)","(0, 1, 0)",
Kazakhstan,2020,Historical,1497.6,,,1518.4,20.8,"(1, 1, 2)","(0, 1, 0)",
Kazakhstan,2021,Historical,1447.0,,,1465.3,18.3,"(1, 1, 2)","(0, 1, 0)",
Kazakhstan,2022,Historical,1391.1,,,1407.6,16.5,"(1, 1, 2)","(0, 1, 0)",
Kazakhstan,2023,Historical,1470.5,,,1498.5,28.0,"(1, 1, 2)","(0, 1, 0)",
Kazakhstan,2024,Forecast,1574.2,1177.7,2041.9,1602.2,28.0,"(1, 1, 2)","(0, 1, 0)",51.1
Kazakhstan,2025,Forecast,1590.2,920.4,2537.6,1618.2,28.0,"(1, 1, 2)","(0, 1, 0)",51.1
Kazakhstan,2026,Forecast,1579.9,701.3,3041.8,1607.9,28.0,"(1, 1, 2)","(0, 1, 0)",51.1
Kazakhstan,2027,Forecast,1586.5,567.3,3436.5,1614.5,28.0,"(1, 1, 2)","(0, 1, 0)",51.1
Kazakhstan,2028,Forecast,1582.3,434.3,3850.3,1610.2,28.0,"(1, 1, 2)","(0, 1, 0)",51.1
Kazakhstan,2029,Forecast,1585.0,320.9,4237.3,1613.0,28.0,"(1, 1, 2)","(0, 1, 0)",51.1
Kazakhstan,2030,Forecast,1583.2,206.6,4634.1,1611.2,28.0,"(1, 1, 2)","(0, 1, 0)",51.1
Korea,1971,Historical,-214.0,,,20.0,234.0,"(0, 1, 3)","(1, 1, 1)",
Korea,1972,Historical,-237.0,,,16.0,253.0,"(0, 1, 3)","(1, 1, 1)",
Korea,1973,Historical,-261.0,,,22.0,283.0,"(0, 1, 3)","(1, 1, 1)",
Korea,1974,Historical,-290.0,,,23.0,313.0,"(0, 1, 3)","(1, 1, 1)",
Korea,1975,Historical,-306.0,,,22.0,328.0,"(0, 1, 3)","(1, 1, 1)",
Korea,1976,Historical,-333.0,,,29.0,362.0,"(0, 1, 3)","(1, 1, 1)",
Korea,1977,Historical,-416.0,,,22.0,438.0,"(0, 1, 3)","(1, 1, 1)",
Korea,1978,Historical,-459.0,,,7.0,466.0,"(0, 1, 3)","(1, 1, 1)",
Korea,1979,Historical,-534.0,,,2.0,536.0,"(0, 1, 3)","(1, 1, 1)",
Korea,1980,Historical,-538.0,,,0.0,538.0,"(0, 1, 3)","(1, 1, 1)",
Korea,1981,Historical,-532.0,,,8.0,540.0,"(0, 1, 3)","(1, 1, 1)",
Korea,1982,Historical,-524.0,,,19.0,543.0,"(0, 1, 3)","(1, 1, 1)",
Korea,1983,Historical,-543.0,,,44.0,587.0,"(0, 1, 3)","(1, 1, 1)",
Korea,1984,Historical,-547.0,,,65.0,612.0,"(0, 1, 3)","(1, 1, 1)",
Korea,1985,Historical,-536.0,,,72.0,608.0,"(0, 1, 3)","(1, 1, 1)",
Korea,1986,Historical,-641.0,,,74.0,715.0,"(0, 1, 3)","(1, 1, 1)",
Korea,1987,Historical,-635.0,,,88.0,723.0,"(0, 1, 3)","(1, 1, 1)",
Korea,1988,Historical,-743.0,,,84.0,827.0,"(0, 1, 3)","(1, 1, 1)",
Korea,1989,Historical,-852.0,,,94.0,946.0,"(0, 1, 3)","(1, 1, 1)",
Korea,1990,Historical,-1046.0,,,74.0,1120.0,"(0, 1, 3)","(1, 1, 1)",
Korea,1991,Historical,-1202.0,,,190.0,1392.0,"(0, 1, 3)","(1, 1, 1)",
Korea,1992,Historical,-1510.0,,,250.0,1760.0,"(0, 1, 3)","(1, 1, 1)",
Korea,1993,Historical,-1706.0,,,282.0,1988.0,"(0, 1, 3)","(1, 1, 1)",
Korea,1994,Historical,-1884.0,,,238.0,2122.0,"(0, 1, 3)","(1, 1, 1)",
Korea,1995,Historical,-2007.0,,,311.0,2318.0,"(0, 1, 3)","(1, 1, 1)",
Korea,1996,Historical,-2190.0,,,427.0,2617.0,"(0, 1, 3)","(1, 1, 1)",
Korea,1997,Historical,-2327.0,,,628.0,2955.0,"(0, 1, 3)","(1, 1, 1)",
Korea,1998,Historical,-1966.0,,,808.0,2774.0,"(0, 1, 3)","(1, 1, 1)",
Korea,1999,Historical,-2142.0,,,804.0,2946.0,"(0, 1, 3)","(1, 1, 1)",
Korea,2000,Historical,-2225.0,,,823.0,3048.0,"(0, 1, 3)","(1, 1, 1)",
Korea,2001,Historical,-2155.0,,,810.0,2965.0,"(0, 1, 3)","(1, 1, 1)",
Korea,2002,Historical,-2164.0,,,652.0,2816.0,"(0, 1, 3)","(1, 1, 1)",
Korea,2003,Historical,-2213.0,,,575.0,2788.0,"(0, 1, 3)","(1, 1, 1)",
Korea,2004,Historical,-2188.0,,,644.0,2832.0,"(0, 1, 3)","(1, 1, 1)",
Korea,2005,Historical,-2106.0,,,711.0,2817.0,"(0, 1, 3)","(1, 1, 1)",
Korea,2006,Historical,-2165.0,,,791.0,2956.0,"(0, 1, 3)","(1, 1, 1)",
Korea,2007,Historical,-2168.0,,,801.0,2969.0,"(0, 1, 3)","(1, 1, 1)",
Korea,2008,Historical,-2051.0,,,917.0,2968.0,"(0, 1, 3)","(1, 1, 1)",
Korea,2009,Historical,-2149.0,,,913.0,3062.0,"(0, 1, 3)","(1, 1, 1)",
Korea,2010,Historical,-2232.0,,,945.0,3177.0,"(0, 1, 3)","(1, 1, 1)",
Korea,2011,Historical,-2175.0,,,1129.0,3304.0,"(0, 1, 3)","(1, 1, 1)",
Korea,2012,Historical,-2236.0,,,1211.0,3447.0,"(0, 1, 3)","(1, 1, 1)",
Korea,2013,Historical,-2216.0,,,1179.0,3395.0,"(0, 1, 3)","(1, 1, 1)",
Korea,2014,Historical,-2205.0,,,1231.0,3436.0,"(0, 1, 3)","(1, 1, 1)",
Korea,2015,Historical,-2346.0,,,1314.0,3660.0,"(0, 1, 3)","(1, 1, 1)",
Korea,2016,Historical,-2528.0,,,1341.0,3869.0,"(0, 1, 3)","(1, 1, 1)",
Korea,2017,Historical,-2531.7,,,1396.1,3927.8,"(0, 1, 3)","(1, 1, 1)",
Korea,2018,Historical,-2518.8,,,1476.0,3994.8,"(0, 1, 3)","(1, 1, 1)",
Korea,2019,Historical,-2443.0,,,1449.0,3892.1,"(0, 1, 3)","(1, 1, 1)",
Korea,2020,Historical,-2339.7,,,1286.1,3625.8,"(0, 1, 3)","(1, 1, 1)",
Korea,2021,Historical,-2482.4,,,1232.9,3715.3,"(0, 1, 3)","(1, 1, 1)",
Korea,2022,Historical,-2415.8,,,1377.3,3793.1,"(0, 1, 3)","(1, 1, 1)",
Korea,2023,Historical,-2406.9,,,1370.7,3777.6,"(0, 1, 3)","(1, 1, 1)",
Korea,2024,Forecast,-2470.2,-3519.9,-971.8,1312.6,3782.8,"(0, 1, 3)","(1, 1, 1)",11.9
Korea,2025,Forecast,-2531.5,-4214.8,921.5,1256.2,3787.7,"(0, 1, 3)","(1, 1, 1)",11.9
Korea,2026,Forecast,-2510.0,-4772.7,3653.5,1282.1,3792.1,"(0, 1, 3)","(1, 1, 1)",11.9
Korea,2027,Forecast,-2514.2,-5313.9,6041.3,1282.1,3796.3,"(0, 1, 3)","(1, 1, 1)",11.9
Korea,2028,Forecast,-2518.0,-5899.3,8702.0,1282.1,3800.1,"(0, 1, 3)","(1, 1, 1)",11.9
Korea,2029,Forecast,-2521.6,-6542.8,11671.5,1282.1,3803.7,"(0, 1, 3)","(1, 1, 1)",11.9
Korea,2030,Forecast,-2524.9,-7254.4,14984.0,1282.1,3807.0,"(0, 1, 3)","(1, 1, 1)",11.9
Kuwait,1971,Historical,3077.0,,,3077.0,0.0,"(0, 1, 2)","(3, 1, 0)",
Kuwait,1972,Historical,3253.0,,,3253.0,0.0,"(0, 1, 2)","(3, 1, 0)",
Kuwait,1973,Historical,2982.0,,,2982.0,0.0,"(0, 1, 2)","(3, 1, 0)",
Kuwait,1974,Historical,2527.0,,,2527.0,0.0,"(0, 1, 2)","(3, 1, 0)",
Kuwait,1975,Historical,2105.0,,,2105.0,0.0,"(0, 1, 2)","(3, 1, 0)",
Kuwait,1976,Historical,2129.0,,,2129.0,0.0,"(0, 1, 2)","(3, 1, 0)",
Kuwait,1977,Historical,1929.0,,,1929.0,0.0,"(0, 1, 2)","(3, 1, 0)",
Kuwait,1978,Historical,2073.0,,,2073.0,0.0,"(0, 1, 2)","(3, 1, 0)",
Kuwait,1979,Historical,2513.0,,,2513.0,0.0,"(0, 1, 2)","(3, 1, 0)",
Kuwait,1980,Historical,1567.0,,,1567.0,0.0,"(0, 1, 2)","(3, 1, 0)",
Kuwait,1981,Historical,1017.0,,,1017.0,0.0,"(0, 1, 2)","(3, 1, 0)",
Kuwait,1982,Historical,679.0,,,679.0,0.0,"(0, 1, 2)","(3, 1, 0)",
Kuwait,1983,Historical,934.0,,,934.0,0.0,"(0, 1, 2)","(3, 1, 0)",
Kuwait,1984,Historical,1081.0,,,1081.0,0.0,"(0, 1, 2)","(3, 1, 0)",
Kuwait,1985,Historical,942.0,,,942.0,0.0,"(0, 1, 2)","(3, 1, 0)",
Kuwait,1986,Historical,1006.0,,,1006.0,0.0,"(0, 1, 2)","(3, 1, 0)",
Kuwait,1987,Historical,1128.0,,,1128.0,0.0,"(0, 1, 2)","(3, 1, 0)",
Kuwait,1988,Historical,1307.0,,,1307.0,0.0,"(0, 1, 2)","(3, 1, 0)",
Kuwait,1989,Historical,1565.0,,,1565.0,0.0,"(0, 1, 2)","(3, 1, 0)",
Kuwait,1990,Historical,864.0,,,864.0,0.0,"(0, 1, 2)","(3, 1, 0)",
Kuwait,1991,Historical,152.0,,,152.0,0.0,"(0, 1, 2)","(3, 1, 0)",
Kuwait,1992,Historical,993.0,,,993.0,0.0,"(0, 1, 2)","(3, 1, 0)",
Kuwait,1993,Historical,1861.0,,,1861.0,0.0,"(0, 1, 2)","(3, 1, 0)",
Kuwait,1994,Historical,1970.0,,,1970.0,0.0,"(0, 1, 2)","(3, 1, 0)",
Kuwait,1995,Historical,1984.0,,,1984.0,0.0,"(0, 1, 2)","(3, 1, 0)",
Kuwait,1996,Historical,1989.0,,,1989.0,0.0,"(0, 1, 2)","(3, 1, 0)",
Kuwait,1997,Historical,1991.0,,,1991.0,0.0,"(0, 1, 2)","(3, 1, 0)",
Kuwait,1998,Historical,1992.0,,,1992.0,0.0,"(0, 1, 2)","(3, 1, 0)",
Kuwait,1999,Historical,1787.0,,,1787.0,0.0,"(0, 1, 2)","(3, 1, 0)",
Kuwait,2000,Historical,1900.0,,,1900.0,0.0,"(0, 1, 2)","(3, 1, 0)",
Kuwait,2001,Historical,1834.0,,,1834.0,0.0,"(0, 1, 2)","(3, 1, 0)",
Kuwait,2002,Historical,1613.0,,,1613.0,0.0,"(0, 1, 2)","(3, 1, 0)",
Kuwait,2003,Historical,1978.0,,,1978.0,0.0,"(0, 1, 2)","(3, 1, 0)",
Kuwait,2004,Historical,2137.0,,,2137.0,0.0,"(0, 1, 2)","(3, 1, 0)",
Kuwait,2005,Historical,2371.0,,,2371.0,0.0,"(0, 1, 2)","(3, 1, 0)",
Kuwait,2006,Historical,2488.0,,,2488.0,0.0,"(0, 1, 2)","(3, 1, 0)",
Kuwait,2007,Historical,2400.0,,,2400.0,0.0,"(0, 1, 2)","(3, 1, 0)",
Kuwait,2008,Historical,2484.0,,,2484.0,0.0,"(0, 1, 2)","(3, 1, 0)",
Kuwait,2009,Historical,2022.0,,,2022.0,0.0,"(0, 1, 2)","(3, 1, 0)",
Kuwait,2010,Historical,2098.0,,,2098.0,0.0,"(0, 1, 2)","(3, 1, 0)",
Kuwait,2011,Historical,2488.0,,,2488.0,0.0,"(0, 1, 2)","(3, 1, 0)",
Kuwait,2012,Historical,2788.0,,,2788.0,0.0,"(0, 1, 2)","(3, 1, 0)",
Kuwait,2013,Historical,2762.0,,,2762.0,0.0,"(0, 1, 2)","(3, 1, 0)",
Kuwait,2014,Historical,2774.0,,,2774.0,0.0,"(0, 1, 2)","(3, 1, 0)",
Kuwait,2015,Historical,2723.0,,,2723.0,0.0,"(0, 1, 2)","(3, 1, 0)",
Kuwait,2016,Historical,2841.0,,,2841.0,0.0,"(0, 1, 2)","(3, 1, 0)",
Kuwait,2017,Historical,2597.8,,,2613.3,15.5,"(0, 1, 2)","(3, 1, 0)",
Kuwait,2018,Historical,2635.4,,,2666.4,31.0,"(0, 1, 2)","(3, 1, 0)",
Kuwait,2019,Historical,2589.0,,,2606.0,17.0,"(0, 1, 2)","(3, 1, 0)",
Kuwait,2020,Historical,2395.1,,,2408.8,13.7,"(0, 1, 2)","(3, 1, 0)",
Kuwait,2021,Historical,2436.1,,,2471.1,35.1,"(0, 1, 2)","(3, 1, 0)",
Kuwait,2022,Historical,2517.3,,,2548.0,30.7,"(0, 1, 2)","(3, 1, 0)",
Kuwait,2023,Historical,2509.9,,,2523.5,13.6,"(0, 1, 2)","(3, 1, 0)",
Kuwait,2024,Forecast,2502.2,1200.5,5173.7,2527.1,24.9,"(0, 1, 2)","(3, 1, 0)",
Kuwait,2025,Forecast,2494.0,969.1,6254.3,2536.4,42.4,"(0, 1, 2)","(3, 1, 0)",
Kuwait,2026,Forecast,2518.2,950.6,6587.4,2536.4,18.2,"(0, 1, 2)","(3, 1, 0)",
Kuwait,2027,Forecast,2519.3,906.4,6902.0,2536.4,17.1,"(0, 1, 2)","(3, 1, 0)",
Kuwait,2028,Forecast,2494.4,823.8,7200.4,2536.4,42.1,"(0, 1, 2)","(3, 1, 0)",
Kuwait,2029,Forecast,2507.9,805.4,7523.6,2536.4,28.5,"(0, 1, 2)","(3, 1, 0)",
Kuwait,2030,Forecast,2521.9,793.6,7846.9,2536.4,14.5,"(0, 1, 2)","(3, 1, 0)",
Norway,1971,Historical,-154.0,,,39.0,193.0,"(3, 1, 1)","(0, 1, 0)",
Norway,1972,Historical,-136.0,,,77.0,213.0,"(3, 1, 1)","(0, 1, 0)",
Norway,1973,Historical,-139.0,,,73.0,212.0,"(3, 1, 1)","(0, 1, 0)",
Norway,1974,Historical,-131.0,,,81.0,212.0,"(3, 1, 1)","(0, 1, 0)",
Norway,1975,Historical,33.0,,,208.0,175.0,"(3, 1, 1)","(0, 1, 0)",
Norway,1976,Historical,103.0,,,324.0,221.0,"(3, 1, 1)","(0, 1, 0)",
Norway,1977,Historical,80.0,,,282.0,202.0,"(3, 1, 1)","(0, 1, 0)",
Norway,1978,Historical,143.0,,,360.0,217.0,"(3, 1, 1)","(0, 1, 0)",
Norway,1979,Historical,189.0,,,385.0,196.0,"(3, 1, 1)","(0, 1, 0)",
Norway,1980,Historical,299.0,,,458.0,159.0,"(3, 1, 1)","(0, 1, 0)",
Norway,1981,Historical,316.0,,,437.0,121.0,"(3, 1, 1)","(0, 1, 0)",
Norway,1982,Historical,322.0,,,443.0,121.0,"(3, 1, 1)","(0, 1, 0)",
Norway,1983,Historical,465.0,,,557.0,92.0,"(3, 1, 1)","(0, 1, 0)",
Norway,1984,Historical,547.0,,,647.0,100.0,"(3, 1, 1)","(0, 1, 0)",
Norway,1985,Historical,617.0,,,702.0,85.0,"(3, 1, 1)","(0, 1, 0)",
Norway,1986,Historical,674.0,,,787.0,113.0,"(3, 1, 1)","(0, 1, 0)",
Norway,1987,Historical,817.0,,,935.0,118.0,"(3, 1, 1)","(0, 1, 0)",
Norway,1988,Historical,977.0,,,1058.0,81.0,"(3, 1, 1)","(0, 1, 0)",
Norway,1989,Historical,1337.0,,,1419.0,82.0,"(3, 1, 1)","(0, 1, 0)",
Norway,1990,Historical,1461.0,,,1551.0,90.0,"(3, 1, 1)","(0, 1, 0)",
Norway,1991,Historical,1729.0,,,1814.0,85.0,"(3, 1, 1)","(0, 1, 0)",
Norway,1992,Historical,1991.0,,,2066.0,75.0,"(3, 1, 1)","(0, 1, 0)",
Norway,1993,Historical,2135.0,,,2222.0,87.0,"(3, 1, 1)","(0, 1, 0)",
Norway,1994,Historical,2455.0,,,2540.0,85.0,"(3, 1, 1)","(0, 1, 0)",
Norway,1995,Historical,2648.0,,,2743.0,95.0,"(3, 1, 1)","(0, 1, 0)",
Norway,1996,Historical,2982.0,,,3073.0,91.0,"(3, 1, 1)","(0, 1, 0)",
Norway,1997,Historical,3013.0,,,3117.0,104.0,"(3, 1, 1)","(0, 1, 0)",
Norway,1998,Historical,2878.0,,,2984.0,106.0,"(3, 1, 1)","(0, 1, 0)",
Norway,1999,Historical,2851.0,,,2955.0,104.0,"(3, 1, 1)","(0, 1, 0)",
Norway,2000,Historical,3069.0,,,3160.0,91.0,"(3, 1, 1)","(0, 1, 0)",
Norway,2001,Historical,3193.0,,,3282.0,89.0,"(3, 1, 1)","(0, 1, 0)",
Norway,2002,Historical,3059.0,,,3150.0,91.0,"(3, 1, 1)","(0, 1, 0)",
Norway,2003,Historical,2930.0,,,3019.0,89.0,"(3, 1, 1)","(0, 1, 0)",
Norway,2004,Historical,2876.0,,,2963.0,87.0,"(3, 1, 1)","(0, 1, 0)",
Norway,2005,Historical,2632.0,,,2733.0,101.0,"(3, 1, 1)","(0, 1, 0)",
Norway,2006,Historical,2432.0,,,2525.0,93.0,"(3, 1, 1)","(0, 1, 0)",
Norway,2007,Historical,2295.0,,,2399.0,104.0,"(3, 1, 1)","(0, 1, 0)",
Norway,2008,Historical,2116.0,,,2220.0,104.0,"(3, 1, 1)","(0, 1, 0)",
Norway,2009,Historical,2053.0,,,2170.0,117.0,"(3, 1, 1)","(0, 1, 0)",
Norway,2010,Historical,1823.0,,,1944.0,121.0,"(3, 1, 1)","(0, 1, 0)",
Norway,2011,Historical,1752.0,,,1864.0,112.0,"(3, 1, 1)","(0, 1, 0)",
Norway,2012,Historical,1605.0,,,1722.0,117.0,"(3, 1, 1)","(0, 1, 0)",
Norway,2013,Historical,1514.0,,,1648.0,134.0,"(3, 1, 1)","(0, 1, 0)",
Norway,2014,Historical,1596.0,,,1707.0,111.0,"(3, 1, 1)","(0, 1, 0)",
Norway,2015,Historical,1743.0,,,1872.0,129.0,"(3, 1, 1)","(0, 1, 0)",
Norway,2016,Historical,1720.0,,,1857.0,137.0,"(3, 1, 1)","(0, 1, 0)",
Norway,2017,Historical,1695.3,,,1865.1,169.8,"(3, 1, 1)","(0, 1, 0)",
Norway,2018,Historical,1564.7,,,1763.7,199.0,"(3, 1, 1)","(0, 1, 0)",
Norway,2019,Historical,1503.1,,,1710.3,207.2,"(3, 1, 1)","(0, 1, 0)",
Norway,2020,Historical,1749.8,,,1952.7,202.9,"(3, 1, 1)","(0, 1, 0)",
Norway,2021,Historical,1827.9,,,2022.8,194.9,"(3, 1, 1)","(0, 1, 0)",
Norway,2022,Historical,1708.1,,,1907.9,199.9,"(3, 1, 1)","(0, 1, 0)",
Norway,2023,Historical,1827.1,,,2032.9,205.8,"(3, 1, 1)","(0, 1, 0)",
Norway,2024,Forecast,2007.9,1419.9,2747.2,2213.7,205.8,"(3, 1, 1)","(0, 1, 0)",6.2
Norway,2025,Forecast,1979.4,1091.6,3297.3,2185.2,205.8,"(3, 1, 1)","(0, 1, 0)",6.2
Norway,2026,Forecast,1977.8,942.8,3639.3,2183.7,205.8,"(3, 1, 1)","(0, 1, 0)",6.2
Norway,2027,Forecast,2127.2,826.8,4522.9,2333.0,205.8,"(3, 1, 1)","(0, 1, 0)",6.2
Norway,2028,Forecast,2210.3,611.0,5857.7,2416.2,205.8,"(3, 1, 1)","(0, 1, 0)",6.2
Norway,2029,Forecast,2195.3,420.9,7026.7,2401.2,205.8,"(3, 1, 1)","(0, 1, 0)",6.2
Norway,2030,Forecast,2262.9,295.3,8572.2,2468.7,205.8,"(3, 1, 1)","(0, 1, 0)",6.2
Qatar,1971,Historical,426.0,,,427.0,1.0,"(0, 1, 0)","(3, 1, 3)",
Qatar,1972,Historical,478.0,,,480.0,2.0,"(0, 1, 0)","(3, 1, 3)",
Qatar,1973,Historical,568.0,,,571.0,3.0,"(0, 1, 0)","(3, 1, 3)",
Qatar,1974,Historical,509.0,,,512.0,3.0,"(0, 1, 0)","(3, 1, 3)",
Qatar,1975,Historical,435.0,,,436.0,1.0,"(0, 1, 0)","(3, 1, 3)",
Qatar,1976,Historical,497.0,,,498.0,1.0,"(0, 1, 0)","(3, 1, 3)",
Qatar,1977,Historical,429.0,,,430.0,1.0,"(0, 1, 0)","(3, 1, 3)",
Qatar,1978,Historical,483.0,,,484.0,1.0,"(0, 1, 0)","(3, 1, 3)",
Qatar,1979,Historical,492.0,,,494.0,2.0,"(0, 1, 0)","(3, 1, 3)",
Qatar,1980,Historical,467.0,,,468.0,1.0,"(0, 1, 0)","(3, 1, 3)",
Qatar,1981,Historical,402.0,,,404.0,2.0,"(0, 1, 0)","(3, 1, 3)",
Qatar,1982,Historical,333.0,,,337.0,4.0,"(0, 1, 0)","(3, 1, 3)",
Qatar,1983,Historical,286.0,,,289.0,3.0,"(0, 1, 0)","(3, 1, 3)",
Qatar,1984,Historical,386.0,,,386.0,0.0,"(0, 1, 0)","(3, 1, 3)",
Qatar,1985,Historical,317.0,,,317.0,0.0,"(0, 1, 0)","(3, 1, 3)",
Qatar,1986,Historical,358.0,,,358.0,0.0,"(0, 1, 0)","(3, 1, 3)",
Qatar,1987,Historical,306.0,,,306.0,0.0,"(0, 1, 0)","(3, 1, 3)",
Qatar,1988,Historical,351.0,,,351.0,0.0,"(0, 1, 0)","(3, 1, 3)",
Qatar,1989,Historical,417.0,,,417.0,0.0,"(0, 1, 0)","(3, 1, 3)",
Qatar,1990,Historical,425.0,,,425.0,0.0,"(0, 1, 0)","(3, 1, 3)",
Qatar,1991,Historical,422.0,,,422.0,0.0,"(0, 1, 0)","(3, 1, 3)",
Qatar,1992,Historical,464.0,,,464.0,0.0,"(0, 1, 0)","(3, 1, 3)",
Qatar,1993,Historical,438.0,,,438.0,0.0,"(0, 1, 0)","(3, 1, 3)",
Qatar,1994,Historical,431.0,,,431.0,0.0,"(0, 1, 0)","(3, 1, 3)",
Qatar,1995,Historical,430.0,,,430.0,0.0,"(0, 1, 0)","(3, 1, 3)",
Qatar,1996,Historical,473.0,,,473.0,0.0,"(0, 1, 0)","(3, 1, 3)",
Qatar,1997,Historical,556.0,,,556.0,0.0,"(0, 1, 0)","(3, 1, 3)",
Qatar,1998,Historical,676.0,,,676.0,0.0,"(0, 1, 0)","(3, 1, 3)",
Qatar,1999,Historical,729.0,,,729.0,0.0,"(0, 1, 0)","(3, 1, 3)",
Qatar,2000,Historical,808.0,,,808.0,0.0,"(0, 1, 0)","(3, 1, 3)",
Qatar,2001,Historical,834.0,,,834.0,0.0,"(0, 1, 0)","(3, 1, 3)",
Qatar,2002,Historical,752.0,,,752.0,0.0,"(0, 1, 0)","(3, 1, 3)",
Qatar,2003,Historical,894.0,,,894.0,0.0,"(0, 1, 0)","(3, 1, 3)",
Qatar,2004,Historical,968.0,,,968.0,0.0,"(0, 1, 0)","(3, 1, 3)",
Qatar,2005,Historical,998.0,,,998.0,0.0,"(0, 1, 0)","(3, 1, 3)",
Qatar,2006,Historical,1064.0,,,1065.0,1.0,"(0, 1, 0)","(3, 1, 3)",
Qatar,2007,Historical,1140.0,,,1144.0,4.0,"(0, 1, 0)","(3, 1, 3)",
Qatar,2008,Historical,1334.0,,,1346.0,12.0,"(0, 1, 0)","(3, 1, 3)",
Qatar,2009,Historical,1328.0,,,1342.0,14.0,"(0, 1, 0)","(3, 1, 3)",
Qatar,2010,Historical,1503.0,,,1514.0,11.0,"(0, 1, 0)","(3, 1, 3)",
Qatar,2011,Historical,1702.0,,,1704.0,2.0,"(0, 1, 0)","(3, 1, 3)",
Qatar,2012,Historical,1758.0,,,1758.0,0.0,"(0, 1, 0)","(3, 1, 3)",
Qatar,2013,Historical,1788.0,,,1791.0,3.0,"(0, 1, 0)","(3, 1, 3)",
Qatar,2014,Historical,1815.0,,,1815.0,0.0,"(0, 1, 0)","(3, 1, 3)",
Qatar,2015,Historical,1788.0,,,1800.0,12.0,"(0, 1, 0)","(3, 1, 3)",
Qatar,2016,Historical,1750.0,,,1761.0,11.0,"(0, 1, 0)","(3, 1, 3)",
Qatar,2017,Historical,1626.9,,,1629.2,2.4,"(0, 1, 0)","(3, 1, 3)",
Qatar,2018,Historical,1615.5,,,1619.4,3.9,"(0, 1, 0)","(3, 1, 3)",
Qatar,2019,Historical,1488.5,,,1490.1,1.6,"(0, 1, 0)","(3, 1, 3)",
Qatar,2020,Historical,1503.6,,,1520.1,16.5,"(0, 1, 0)","(3, 1, 3)",
Qatar,2021,Historical,1508.0,,,1523.5,15.5,"(0, 1, 0)","(3, 1, 3)",
Qatar,2022,Historical,1346.1,,,1368.7,22.5,"(0, 1, 0)","(3, 1, 3)",
Qatar,2023,Historical,1440.2,,,1457.3,17.1,"(0, 1, 0)","(3, 1, 3)",
Qatar,2024,Forecast,1452.2,1152.0,1819.6,1457.3,5.2,"(0, 1, 0)","(3, 1, 3)",45.6
Qatar,2025,Forecast,1451.7,1046.3,1995.9,1457.3,5.6,"(0, 1, 0)","(3, 1, 3)",45.6
Qatar,2026,Forecast,1451.3,963.3,2143.2,1457.3,6.1,"(0, 1, 0)","(3, 1, 3)",45.6
Qatar,2027,Forecast,1446.0,881.4,2274.2,1457.3,11.3,"(0, 1, 0)","(3, 1, 3)",45.6
Qatar,2028,Forecast,1443.3,821.5,2396.7,1457.3,14.0,"(0, 1, 0)","(3, 1, 3)",45.6
Qatar,2029,Forecast,1445.1,787.7,2514.1,1457.3,12.2,"(0, 1, 0)","(3, 1, 3)",45.6
Qatar,2030,Forecast,1449.5,770.9,2627.7,1457.3,7.8,"(0, 1, 0)","(3, 1, 3)",45.6
Russia,1971,Historical,0.0,,,0.0,0.0,"(1, 1, 0)","(0, 1, 0)",
Russia,1972,Historical,0.0,,,0.0,0.0,"(1, 1, 0)","(0, 1, 0)",
Russia,1973,Historical,0.0,,,0.0,0.0,"(1, 1, 0)","(0, 1, 0)",
Russia,1974,Historical,0.0,,,0.0,0.0,"(1, 1, 0)","(0, 1, 0)",
Russia,1975,Historical,0.0,,,0.0,0.0,"(1, 1, 0)","(0, 1, 0)",
Russia,1976,Historical,0.0,,,0.0,0.0,"(1, 1, 0)","(0, 1, 0)",
Russia,1977,Historical,0.0,,,0.0,0.0,"(1, 1, 0)","(0, 1, 0)",
Russia,1978,Historical,0.0,,,0.0,0.0,"(1, 1, 0)","(0, 1, 0)",
Russia,1979,Historical,0.0,,,0.0,0.0,"(1, 1, 0)","(0, 1, 0)",
Russia,1980,Historical,0.0,,,0.0,0.0,"(1, 1, 0)","(0, 1, 0)",
Russia,1981,Historical,0.0,,,0.0,0.0,"(1, 1, 0)","(0, 1, 0)",
Russia,1982,Historical,0.0,,,0.0,0.0,"(1, 1, 0)","(0, 1, 0)",
Russia,1983,Historical,0.0,,,0.0,0.0,"(1, 1, 0)","(0, 1, 0)",
Russia,1984,Historical,0.0,,,0.0,0.0,"(1, 1, 0)","(0, 1, 0)",
Russia,1985,Historical,0.0,,,0.0,0.0,"(1, 1, 0)","(0, 1, 0)",
Russia,1986,Historical,0.0,,,0.0,0.0,"(1, 1, 0)","(0, 1, 0)",
Russia,1987,Historical,0.0,,,0.0,0.0,"(1, 1, 0)","(0, 1, 0)",
Russia,1988,Historical,0.0,,,0.0,0.0,"(1, 1, 0)","(0, 1, 0)",
Russia,1989,Historical,0.0,,,0.0,0.0,"(1, 1, 0)","(0, 1, 0)",
Russia,1990,Historical,5251.0,,,5781.0,530.0,"(1, 1, 0)","(0, 1, 0)",
Russia,1991,Historical,4103.0,,,4614.0,511.0,"(1, 1, 0)","(0, 1, 0)",
Russia,1992,Historical,3474.0,,,3723.0,249.0,"(1, 1, 0)","(0, 1, 0)",
Russia,1993,Historical,3168.0,,,3430.0,262.0,"(1, 1, 0)","(0, 1, 0)",
Russia,1994,Historical,3322.0,,,3445.0,123.0,"(1, 1, 0)","(0, 1, 0)",
Russia,1995,Historical,3141.0,,,3375.0,234.0,"(1, 1, 0)","(0, 1, 0)",
Russia,1996,Historical,3415.0,,,3607.0,192.0,"(1, 1, 0)","(0, 1, 0)",
Russia,1997,Historical,3487.0,,,3686.0,199.0,"(1, 1, 0)","(0, 1, 0)",
Russia,1998,Historical,3582.0,,,3774.0,192.0,"(1, 1, 0)","(0, 1, 0)",
Russia,1999,Historical,3555.0,,,3666.0,111.0,"(1, 1, 0)","(0, 1, 0)",
Russia,2000,Historical,3835.0,,,3961.0,126.0,"(1, 1, 0)","(0, 1, 0)",
Russia,2001,Historical,4259.0,,,4367.0,108.0,"(1, 1, 0)","(0, 1, 0)",
Russia,2002,Historical,4980.0,,,5106.0,126.0,"(1, 1, 0)","(0, 1, 0)",
Russia,2003,Historical,5788.0,,,5904.0,116.0,"(1, 1, 0)","(0, 1, 0)",
Russia,2004,Historical,6481.0,,,6579.0,98.0,"(1, 1, 0)","(0, 1, 0)",
Russia,2005,Historical,6685.0,,,6735.0,50.0,"(1, 1, 0)","(0, 1, 0)",
Russia,2006,Historical,6681.0,,,6729.0,48.0,"(1, 1, 0)","(0, 1, 0)",
Russia,2007,Historical,7006.0,,,7061.0,55.0,"(1, 1, 0)","(0, 1, 0)",
Russia,2008,Historical,6711.0,,,6781.0,70.0,"(1, 1, 0)","(0, 1, 0)",
Russia,2009,Historical,6949.0,,,7001.0,52.0,"(1, 1, 0)","(0, 1, 0)",
Russia,2010,Historical,7125.0,,,7213.0,88.0,"(1, 1, 0)","(0, 1, 0)",
Russia,2011,Historical,7210.0,,,7309.0,99.0,"(1, 1, 0)","(0, 1, 0)",
Russia,2012,Historical,7228.0,,,7288.0,60.0,"(1, 1, 0)","(0, 1, 0)",
Russia,2013,Historical,7352.0,,,7414.0,62.0,"(1, 1, 0)","(0, 1, 0)",
Russia,2014,Historical,7116.0,,,7200.0,84.0,"(1, 1, 0)","(0, 1, 0)",
Russia,2015,Historical,7584.0,,,7703.0,119.0,"(1, 1, 0)","(0, 1, 0)",
Russia,2016,Historical,7625.0,,,7670.0,45.0,"(1, 1, 0)","(0, 1, 0)",
Russia,2017,Historical,7668.5,,,7711.9,43.5,"(1, 1, 0)","(0, 1, 0)",
Russia,2018,Historical,7894.0,,,7931.2,37.3,"(1, 1, 0)","(0, 1, 0)",
Russia,2019,Historical,8077.9,,,8103.9,25.9,"(1, 1, 0)","(0, 1, 0)",
Russia,2020,Historical,7215.2,,,7245.8,30.6,"(1, 1, 0)","(0, 1, 0)",
Russia,2021,Historical,7179.4,,,7200.9,21.5,"(1, 1, 0)","(0, 1, 0)",
Russia,2022,Historical,7441.4,,,7456.0,14.6,"(1, 1, 0)","(0, 1, 0)",
Russia,2023,Historical,7574.4,,,7574.4,0.0,"(1, 1, 0)","(0, 1, 0)",
Russia,2024,Forecast,7646.9,6781.6,8609.3,7661.5,14.6,"(1, 1, 0)","(0, 1, 0)",48.3
Russia,2025,Forecast,7710.8,6069.5,9759.9,7725.4,14.6,"(1, 1, 0)","(0, 1, 0)",48.3
Russia,2026,Forecast,7757.6,5404.2,11063.6,7772.2,14.6,"(1, 1, 0)","(0, 1, 0)",48.3
Russia,2027,Forecast,7791.7,4813.4,12486.0,7806.3,14.6,"(1, 1, 0)","(0, 1, 0)",48.3
Russia,2028,Forecast,7816.6,4299.8,14003.9,7831.2,14.6,"(1, 1, 0)","(0, 1, 0)",48.3
Russia,2029,Forecast,7834.7,3856.2,15601.2,7849.3,14.6,"(1, 1, 0)","(0, 1, 0)",48.3
Russia,2030,Forecast,7847.9,3472.8,17266.3,7862.5,14.6,"(1, 1, 0)","(0, 1, 0)",48.3
Saudi Arabia,1971,Historical,4500.0,,,4516.0,16.0,"(3, 0, 0)","(2, 1, 0)",
Saudi Arabia,1972,Historical,5731.0,,,5750.0,19.0,"(3, 0, 0)","(2, 1, 0)",
Saudi Arabia,1973,Historical,7339.0,,,7353.0,14.0,"(3, 0, 0)","(2, 1, 0)",
Saudi Arabia,1974,Historical,8244.0,,,8265.0,21.0,"(3, 0, 0)","(2, 1, 0)",
Saudi Arabia,1975,Historical,6938.0,,,6965.0,27.0,"(3, 0, 0)","(2, 1, 0)",
Saudi Arabia,1976,Historical,8448.0,,,8487.0,39.0,"(3, 0, 0)","(2, 1, 0)",
Saudi Arabia,1977,Historical,9073.0,,,9121.0,48.0,"(3, 0, 0)","(2, 1, 0)",
Saudi Arabia,1978,Historical,8171.0,,,8227.0,56.0,"(3, 0, 0)","(2, 1, 0)",
Saudi Arabia,1979,Historical,9382.0,,,9473.0,91.0,"(3, 0, 0)","(2, 1, 0)",
Saudi Arabia,1980,Historical,9753.0,,,9844.0,91.0,"(3, 0, 0)","(2, 1, 0)",
Saudi Arabia,1981,Historical,9637.0,,,9739.0,102.0,"(3, 0, 0)","(2, 1, 0)",
Saudi Arabia,1982,Historical,6207.0,,,6287.0,80.0,"(3, 0, 0)","(2, 1, 0)",
Saudi Arabia,1983,Historical,4610.0,,,4657.0,47.0,"(3, 0, 0)","(2, 1, 0)",
Saudi Arabia,1984,Historical,4289.0,,,4337.0,48.0,"(3, 0, 0)","(2, 1, 0)",
Saudi Arabia,1985,Historical,2940.0,,,2963.0,23.0,"(3, 0, 0)","(2, 1, 0)",
Saudi Arabia,1986,Historical,4669.0,,,4687.0,18.0,"(3, 0, 0)","(2, 1, 0)",
Saudi Arabia,1987,Historical,3774.0,,,3783.0,9.0,"(3, 0, 0)","(2, 1, 0)",
Saudi Arabia,1988,Historical,4595.0,,,4604.0,9.0,"(3, 0, 0)","(2, 1, 0)",
Saudi Arabia,1989,Historical,4713.0,,,4722.0,9.0,"(3, 0, 0)","(2, 1, 0)",
Saudi Arabia,1990,Historical,6198.0,,,6207.0,9.0,"(3, 0, 0)","(2, 1, 0)",
Saudi Arabia,1991,Historical,7885.0,,,7894.0,9.0,"(3, 0, 0)","(2, 1, 0)",
Saudi Arabia,1992,Historical,7945.0,,,7953.0,8.0,"(3, 0, 0)","(2, 1, 0)",
Saudi Arabia,1993,Historical,7803.0,,,7803.0,0.0,"(3, 0, 0)","(2, 1, 0)",
Saudi Arabia,1994,Historical,7548.0,,,7548.0,0.0,"(3, 0, 0)","(2, 1, 0)",
Saudi Arabia,1995,Historical,7606.0,,,7606.0,0.0,"(3, 0, 0)","(2, 1, 0)",
Saudi Arabia,1996,Historical,7572.0,,,7572.0,0.0,"(3, 0, 0)","(2, 1, 0)",
Saudi Arabia,1997,Historical,7577.0,,,7577.0,0.0,"(3, 0, 0)","(2, 1, 0)",
Saudi Arabia,1998,Historical,7740.0,,,7740.0,0.0,"(3, 0, 0)","(2, 1, 0)",
Saudi Arabia,1999,Historical,6990.0,,,6990.0,0.0,"(3, 0, 0)","(2, 1, 0)",
Saudi Arabia,2000,Historical,7379.0,,,7379.0,0.0,"(3, 0, 0)","(2, 1, 0)",
Saudi Arabia,2001,Historical,7104.0,,,7105.0,1.0,"(3, 0, 0)","(2, 1, 0)",
Saudi Arabia,2002,Historical,6221.0,,,6265.0,44.0,"(3, 0, 0)","(2, 1, 0)",
Saudi Arabia,2003,Historical,7644.0,,,7678.0,34.0,"(3, 0, 0)","(2, 1, 0)",
Saudi Arabia,2004,Historical,8263.0,,,8320.0,57.0,"(3, 0, 0)","(2, 1, 0)",
Saudi Arabia,2005,Historical,8759.0,,,8821.0,62.0,"(3, 0, 0)","(2, 1, 0)",
Saudi Arabia,2006,Historical,8407.0,,,8515.0,108.0,"(3, 0, 0)","(2, 1, 0)",
Saudi Arabia,2007,Historical,7865.0,,,8000.0,135.0,"(3, 0, 0)","(2, 1, 0)",
Saudi Arabia,2008,Historical,8087.0,,,8295.0,208.0,"(3, 0, 0)","(2, 1, 0)",
Saudi Arabia,2009,Historical,6872.0,,,7087.0,215.0,"(3, 0, 0)","(2, 1, 0)",
Saudi Arabia,2010,Historical,6743.0,,,6921.0,178.0,"(3, 0, 0)","(2, 1, 0)",
Saudi Arabia,2011,Historical,7854.0,,,8052.0,198.0,"(3, 0, 0)","(2, 1, 0)",
Saudi Arabia,2012,Historical,8202.0,,,8524.0,322.0,"(3, 0, 0)","(2, 1, 0)",
Saudi Arabia,2013,Historical,8087.0,,,8568.0,481.0,"(3, 0, 0)","(2, 1, 0)",
Saudi Arabia,2014,Historical,7824.0,,,8297.0,473.0,"(3, 0, 0)","(2, 1, 0)",
Saudi Arabia,2015,Historical,8193.0,,,8779.0,586.0,"(3, 0, 0)","(2, 1, 0)",
Saudi Arabia,2016,Historical,8816.0,,,9376.0,560.0,"(3, 0, 0)","(2, 1, 0)",
Saudi Arabia,2017,Historical,8186.7,,,8671.8,485.1,"(3, 0, 0)","(2, 1, 0)",
Saudi Arabia,2018,Historical,8707.6,,,9573.8,866.2,"(3, 0, 0)","(2, 1, 0)",
Saudi Arabia,2019,Historical,8261.1,,,8592.2,331.1,"(3, 0, 0)","(2, 1, 0)",
Saudi Arabia,2020,Historical,7613.1,,,7975.3,362.2,"(3, 0, 0)","(2, 1, 0)",
Saudi Arabia,2021,Historical,7403.5,,,7772.4,368.9,"(3, 0, 0)","(2, 1, 0)",
Saudi Arabia,2022,Historical,8702.5,,,9069.5,367.0,"(3, 0, 0)","(2, 1, 0)",
Saudi Arabia,2023,Historical,7672.2,,,8147.6,475.4,"(3, 0, 0)","(2, 1, 0)",
Saudi Arabia,2024,Forecast,7732.3,4618.8,10727.5,8179.5,447.2,"(3, 0, 0)","(2, 1, 0)",69.8
Saudi Arabia,2025,Forecast,7134.8,2864.0,10976.6,7636.9,502.1,"(3, 0, 0)","(2, 1, 0)",69.8
Saudi Arabia,2026,Forecast,6978.5,523.8,11742.1,7455.7,477.3,"(3, 0, 0)","(2, 1, 0)",69.8
Saudi Arabia,2027,Forecast,6681.7,-1882.2,11779.9,7187.0,505.4,"(3, 0, 0)","(2, 1, 0)",69.8
Saudi Arabia,2028,Forecast,6591.3,-5124.6,11869.1,7080.2,488.9,"(3, 0, 0)","(2, 1, 0)",69.8
Saudi Arabia,2029,Forecast,6483.2,-8973.8,11796.6,6987.1,503.9,"(3, 0, 0)","(2, 1, 0)",69.8
Saudi Arabia,2030,Forecast,6472.0,-13941.0,11786.8,6966.0,493.9,"(3, 0, 0)","(2, 1, 0)",69.8
Singapore,1971,Historical,-130.0,,,308.0,438.0,"(1, 1, 0)","(3, 1, 3)",
Singapore,1972,Historical,-209.0,,,325.0,534.0,"(1, 1, 0)","(3, 1, 3)",
Singapore,1973,Historical,-237.0,,,337.0,574.0,"(1, 1, 0)","(3, 1, 3)",
Singapore,1974,Historical,-226.0,,,370.0,596.0,"(1, 1, 0)","(3, 1, 3)",
Singapore,1975,Historical,-234.0,,,300.0,534.0,"(1, 1, 0)","(3, 1, 3)",
Singapore,1976,Historical,-270.0,,,336.0,606.0,"(1, 1, 0)","(3, 1, 3)",
Singapore,1977,Historical,-254.0,,,410.0,664.0,"(1, 1, 0)","(3, 1, 3)",
Singapore,1978,Historical,-230.0,,,403.0,633.0,"(1, 1, 0)","(3, 1, 3)",
Singapore,1979,Historical,-206.0,,,449.0,655.0,"(1, 1, 0)","(3, 1, 3)",
Singapore,1980,Historical,-147.0,,,575.0,722.0,"(1, 1, 0)","(3, 1, 3)",
Singapore,1981,Historical,-229.0,,,667.0,896.0,"(1, 1, 0)","(3, 1, 3)",
Singapore,1982,Historical,-250.0,,,740.0,990.0,"(1, 1, 0)","(3, 1, 3)",
Singapore,1983,Historical,-241.0,,,754.0,995.0,"(1, 1, 0)","(3, 1, 3)",
Singapore,1984,Historical,-224.0,,,618.0,842.0,"(1, 1, 0)","(3, 1, 3)",
Singapore,1985,Historical,-205.0,,,586.0,791.0,"(1, 1, 0)","(3, 1, 3)",
Singapore,1986,Historical,-285.0,,,584.0,869.0,"(1, 1, 0)","(3, 1, 3)",
Singapore,1987,Historical,-396.0,,,583.0,979.0,"(1, 1, 0)","(3, 1, 3)",
Singapore,1988,Historical,-422.0,,,655.0,1077.0,"(1, 1, 0)","(3, 1, 3)",
Singapore,1989,Historical,-406.0,,,677.0,1083.0,"(1, 1, 0)","(3, 1, 3)",
Singapore,1990,Historical,-467.0,,,740.0,1207.0,"(1, 1, 0)","(3, 1, 3)",
Singapore,1991,Historical,-504.0,,,755.0,1259.0,"(1, 1, 0)","(3, 1, 3)",
Singapore,1992,Historical,-548.0,,,813.0,1361.0,"(1, 1, 0)","(3, 1, 3)",
Singapore,1993,Historical,-616.0,,,880.0,1496.0,"(1, 1, 0)","(3, 1, 3)",
Singapore,1994,Historical,-652.0,,,961.0,1613.0,"(1, 1, 0)","(3, 1, 3)",
Singapore,1995,Historical,-587.0,,,981.0,1568.0,"(1, 1, 0)","(3, 1, 3)",
Singapore,1996,Historical,-648.0,,,1046.0,1694.0,"(1, 1, 0)","(3, 1, 3)",
Singapore,1997,Historical,-782.0,,,973.0,1755.0,"(1, 1, 0)","(3, 1, 3)",
Singapore,1998,Historical,-717.0,,,969.0,1686.0,"(1, 1, 0)","(3, 1, 3)",
Singapore,1999,Historical,-728.0,,,940.0,1668.0,"(1, 1, 0)","(3, 1, 3)",
Singapore,2000,Historical,-751.0,,,845.0,1596.0,"(1, 1, 0)","(3, 1, 3)",
Singapore,2001,Historical,-813.0,,,840.0,1653.0,"(1, 1, 0)","(3, 1, 3)",
Singapore,2002,Historical,-786.0,,,907.0,1693.0,"(1, 1, 0)","(3, 1, 3)",
Singapore,2003,Historical,-844.0,,,980.0,1824.0,"(1, 1, 0)","(3, 1, 3)",
Singapore,2004,Historical,-1022.0,,,1082.0,2104.0,"(1, 1, 0)","(3, 1, 3)",
Singapore,2005,Historical,-852.0,,,1287.0,2139.0,"(1, 1, 0)","(3, 1, 3)",
Singapore,2006,Historical,-930.0,,,1341.0,2271.0,"(1, 1, 0)","(3, 1, 3)",
Singapore,2007,Historical,-967.0,,,1439.0,2406.0,"(1, 1, 0)","(3, 1, 3)",
Singapore,2008,Historical,-1088.0,,,1562.0,2650.0,"(1, 1, 0)","(3, 1, 3)",
Singapore,2009,Historical,-1190.0,,,1665.0,2855.0,"(1, 1, 0)","(3, 1, 3)",
Singapore,2010,Historical,-1191.0,,,1768.0,2959.0,"(1, 1, 0)","(3, 1, 3)",
Singapore,2011,Historical,-1164.0,,,1882.0,3046.0,"(1, 1, 0)","(3, 1, 3)",
Singapore,2012,Historical,-1264.0,,,1688.0,2952.0,"(1, 1, 0)","(3, 1, 3)",
Singapore,2013,Historical,-1314.0,,,1696.0,3010.0,"(1, 1, 0)","(3, 1, 3)",
Singapore,2014,Historical,-1275.0,,,1716.0,2991.0,"(1, 1, 0)","(3, 1, 3)",
Singapore,2015,Historical,-1382.0,,,1820.0,3202.0,"(1, 1, 0)","(3, 1, 3)",
Singapore,2016,Historical,-1435.0,,,1955.0,3390.0,"(1, 1, 0)","(3, 1, 3)",
Singapore,2017,Historical,-1543.4,,,2027.5,3570.9,"(1, 1, 0)","(3, 1, 3)",
Singapore,2018,Historical,-1515.1,,,1695.5,3210.6,"(1, 1, 0)","(3, 1, 3)",
Singapore,2019,Historical,-1471.7,,,1703.9,3175.7,"(1, 1, 0)","(3, 1, 3)",
Singapore,2020,Historical,-1424.6,,,1481.3,2905.9,"(1, 1, 0)","(3, 1, 3)",
Singapore,2021,Historical,-1370.4,,,1454.8,2825.3,"(1, 1, 0)","(3, 1, 3)",
Singapore,2022,Historical,-1444.2,,,1417.1,2861.3,"(1, 1, 0)","(3, 1, 3)",
Singapore,2023,Historical,-1500.5,,,1537.5,3038.1,"(1, 1, 0)","(3, 1, 3)",
Singapore,2024,Forecast,-1666.4,-2366.3,-968.3,1575.8,3242.1,"(1, 1, 0)","(3, 1, 3)",10.8
Singapore,2025,Forecast,-1616.7,-2814.5,-437.4,1587.4,3204.2,"(1, 1, 0)","(3, 1, 3)",10.8
Singapore,2026,Forecast,-1641.4,-3291.8,-48.2,1591.0,3232.4,"(1, 1, 0)","(3, 1, 3)",10.8
Singapore,2027,Forecast,-1791.8,-3792.7,140.6,1592.0,3383.8,"(1, 1, 0)","(3, 1, 3)",10.8
Singapore,2028,Forecast,-1837.9,-4158.5,393.6,1592.4,3430.2,"(1, 1, 0)","(3, 1, 3)",10.8
Singapore,2029,Forecast,-1860.4,-4531.9,665.4,1592.5,3452.8,"(1, 1, 0)","(3, 1, 3)",10.8
Singapore,2030,Forecast,-1965.1,-4996.7,855.5,1592.5,3557.6,"(1, 1, 0)","(3, 1, 3)",10.8
Spain,1971,Historical,-668.0,,,87.0,755.0,"(2, 1, 2)","(0, 1, 0)",
Spain,1972,Historical,-679.0,,,108.0,787.0,"(2, 1, 2)","(0, 1, 0)",
Spain,1973,Historical,-815.0,,,87.0,902.0,"(2, 1, 2)","(0, 1, 0)",
Spain,1974,Historical,-860.0,,,65.0,925.0,"(2, 1, 2)","(0, 1, 0)",
Spain,1975,Historical,-829.0,,,52.0,881.0,"(2, 1, 2)","(0, 1, 0)",
Spain,1976,Historical,-956.0,,,64.0,1020.0,"(2, 1, 2)","(0, 1, 0)",
Spain,1977,Historical,-956.0,,,52.0,1008.0,"(2, 1, 2)","(0, 1, 0)",
Spain,1978,Historical,-969.0,,,52.0,1021.0,"(2, 1, 2)","(0, 1, 0)",
Spain,1979,Historical,-996.0,,,43.0,1039.0,"(2, 1, 2)","(0, 1, 0)",
Spain,1980,Historical,-1001.0,,,64.0,1065.0,"(2, 1, 2)","(0, 1, 0)",
Spain,1981,Historical,-981.0,,,63.0,1044.0,"(2, 1, 2)","(0, 1, 0)",
Spain,1982,Historical,-873.0,,,200.0,1073.0,"(2, 1, 2)","(0, 1, 0)",
Spain,1983,Historical,-865.0,,,227.0,1092.0,"(2, 1, 2)","(0, 1, 0)",
Spain,1984,Historical,-792.0,,,237.0,1029.0,"(2, 1, 2)","(0, 1, 0)",
Spain,1985,Historical,-802.0,,,205.0,1007.0,"(2, 1, 2)","(0, 1, 0)",
Spain,1986,Historical,-787.0,,,285.0,1072.0,"(2, 1, 2)","(0, 1, 0)",
Spain,1987,Historical,-849.0,,,232.0,1081.0,"(2, 1, 2)","(0, 1, 0)",
Spain,1988,Historical,-931.0,,,261.0,1192.0,"(2, 1, 2)","(0, 1, 0)",
Spain,1989,Historical,-976.0,,,230.0,1206.0,"(2, 1, 2)","(0, 1, 0)",
Spain,1990,Historical,-994.0,,,243.0,1237.0,"(2, 1, 2)","(0, 1, 0)",
Spain,1991,Historical,-1014.0,,,267.0,1281.0,"(2, 1, 2)","(0, 1, 0)",
Spain,1992,Historical,-1064.0,,,247.0,1311.0,"(2, 1, 2)","(0, 1, 0)",
Spain,1993,Historical,-1029.0,,,246.0,1275.0,"(2, 1, 2)","(0, 1, 0)",
Spain,1994,Historical,-1108.0,,,227.0,1335.0,"(2, 1, 2)","(0, 1, 0)",
Spain,1995,Historical,-1193.0,,,177.0,1370.0,"(2, 1, 2)","(0, 1, 0)",
Spain,1996,Historical,-1175.0,,,169.0,1344.0,"(2, 1, 2)","(0, 1, 0)",
Spain,1997,Historical,-1262.0,,,166.0,1428.0,"(2, 1, 2)","(0, 1, 0)",
Spain,1998,Historical,-1360.0,,,185.0,1545.0,"(2, 1, 2)","(0, 1, 0)",
Spain,1999,Historical,-1395.0,,,148.0,1543.0,"(2, 1, 2)","(0, 1, 0)",
Spain,2000,Historical,-1426.0,,,160.0,1586.0,"(2, 1, 2)","(0, 1, 0)",
Spain,2001,Historical,-1462.0,,,136.0,1598.0,"(2, 1, 2)","(0, 1, 0)",
Spain,2002,Historical,-1496.0,,,131.0,1627.0,"(2, 1, 2)","(0, 1, 0)",
Spain,2003,Historical,-1509.0,,,147.0,1656.0,"(2, 1, 2)","(0, 1, 0)",
Spain,2004,Historical,-1536.0,,,171.0,1707.0,"(2, 1, 2)","(0, 1, 0)",
Spain,2005,Historical,-1592.0,,,179.0,1771.0,"(2, 1, 2)","(0, 1, 0)",
Spain,2006,Historical,-1587.0,,,210.0,1797.0,"(2, 1, 2)","(0, 1, 0)",
Spain,2007,Historical,-1590.0,,,224.0,1814.0,"(2, 1, 2)","(0, 1, 0)",
Spain,2008,Historical,-1538.0,,,216.0,1754.0,"(2, 1, 2)","(0, 1, 0)",
Spain,2009,Historical,-1415.0,,,238.0,1653.0,"(2, 1, 2)","(0, 1, 0)",
Spain,2010,Historical,-1378.0,,,246.0,1624.0,"(2, 1, 2)","(0, 1, 0)",
Spain,2011,Historical,-1326.0,,,276.0,1602.0,"(2, 1, 2)","(0, 1, 0)",
Spain,2012,Historical,-1181.0,,,405.0,1586.0,"(2, 1, 2)","(0, 1, 0)",
Spain,2013,Historical,-1119.0,,,452.0,1571.0,"(2, 1, 2)","(0, 1, 0)",
Spain,2014,Historical,-1167.0,,,435.0,1602.0,"(2, 1, 2)","(0, 1, 0)",
Spain,2015,Historical,-1216.0,,,472.0,1688.0,"(2, 1, 2)","(0, 1, 0)",
Spain,2016,Historical,-1217.0,,,504.0,1721.0,"(2, 1, 2)","(0, 1, 0)",
Spain,2017,Historical,-1249.5,,,557.5,1807.0,"(2, 1, 2)","(0, 1, 0)",
Spain,2018,Historical,-1272.0,,,517.5,1789.5,"(2, 1, 2)","(0, 1, 0)",
Spain,2019,Historical,-1280.8,,,492.1,1772.9,"(2, 1, 2)","(0, 1, 0)",
Spain,2020,Historical,-1025.5,,,469.1,1494.7,"(2, 1, 2)","(0, 1, 0)",
Spain,2021,Historical,-1084.4,,,461.2,1545.6,"(2, 1, 2)","(0, 1, 0)",
Spain,2022,Historical,-1255.9,,,421.0,1676.9,"(2, 1, 2)","(0, 1, 0)",
Spain,2023,Historical,-1183.3,,,451.3,1634.5,"(2, 1, 2)","(0, 1, 0)",
Spain,2024,Forecast,-1183.5,-1496.9,-820.9,451.1,1634.5,"(2, 1, 2)","(0, 1, 0)",11.8
Spain,2025,Forecast,-1195.6,-1638.7,-627.1,439.0,1634.5,"(2, 1, 2)","(0, 1, 0)",11.8
Spain,2026,Forecast,-1177.9,-1728.3,-401.6,456.6,1634.5,"(2, 1, 2)","(0, 1, 0)",11.8
Spain,2027,Forecast,-1196.1,-1808.7,-306.6,438.5,1634.5,"(2, 1, 2)","(0, 1, 0)",11.8
Spain,2028,Forecast,-1180.6,-1873.5,-87.6,454.0,1634.5,"(2, 1, 2)","(0, 1, 0)",11.8
Spain,2029,Forecast,-1192.1,-1934.2,6.5,442.5,1634.5,"(2, 1, 2)","(0, 1, 0)",11.8
Spain,2030,Forecast,-1184.9,-1987.9,193.0,449.7,1634.5,"(2, 1, 2)","(0, 1, 0)",11.8
UAE,1971,Historical,1019.0,,,1022.0,3.0,"(0, 1, 3)","(1, 1, 0)",
UAE,1972,Historical,1153.0,,,1157.0,4.0,"(0, 1, 3)","(1, 1, 0)",
UAE,1973,Historical,1472.0,,,1478.0,6.0,"(0, 1, 3)","(1, 1, 0)",
UAE,1974,Historical,1611.0,,,1619.0,8.0,"(0, 1, 3)","(1, 1, 0)",
UAE,1975,Historical,1621.0,,,1635.0,14.0,"(0, 1, 3)","(1, 1, 0)",
UAE,1976,Historical,1853.0,,,1873.0,20.0,"(0, 1, 3)","(1, 1, 0)",
UAE,1977,Historical,1902.0,,,1930.0,28.0,"(0, 1, 3)","(1, 1, 0)",
UAE,1978,Historical,1739.0,,,1770.0,31.0,"(0, 1, 3)","(1, 1, 0)",
UAE,1979,Historical,1738.0,,,1780.0,42.0,"(0, 1, 3)","(1, 1, 0)",
UAE,1980,Historical,1555.0,,,1645.0,90.0,"(0, 1, 3)","(1, 1, 0)",
UAE,1981,Historical,1381.0,,,1446.0,65.0,"(0, 1, 3)","(1, 1, 0)",
UAE,1982,Historical,1134.0,,,1191.0,57.0,"(0, 1, 3)","(1, 1, 0)",
UAE,1983,Historical,1101.0,,,1136.0,35.0,"(0, 1, 3)","(1, 1, 0)",
UAE,1984,Historical,996.0,,,1033.0,37.0,"(0, 1, 3)","(1, 1, 0)",
UAE,1985,Historical,909.0,,,970.0,61.0,"(0, 1, 3)","(1, 1, 0)",
UAE,1986,Historical,1045.0,,,1122.0,77.0,"(0, 1, 3)","(1, 1, 0)",
UAE,1987,Historical,1138.0,,,1234.0,96.0,"(0, 1, 3)","(1, 1, 0)",
UAE,1988,Historical,1150.0,,,1289.0,139.0,"(0, 1, 3)","(1, 1, 0)",
UAE,1989,Historical,1448.0,,,1604.0,156.0,"(0, 1, 3)","(1, 1, 0)",
UAE,1990,Historical,1626.0,,,1790.0,164.0,"(0, 1, 3)","(1, 1, 0)",
UAE,1991,Historical,1848.0,,,2072.0,224.0,"(0, 1, 3)","(1, 1, 0)",
UAE,1992,Historical,2008.0,,,2227.0,219.0,"(0, 1, 3)","(1, 1, 0)",
UAE,1993,Historical,1934.0,,,2162.0,228.0,"(0, 1, 3)","(1, 1, 0)",
UAE,1994,Historical,1890.0,,,2129.0,239.0,"(0, 1, 3)","(1, 1, 0)",
UAE,1995,Historical,1891.0,,,2135.0,244.0,"(0, 1, 3)","(1, 1, 0)",
UAE,1996,Historical,1917.0,,,2117.0,200.0,"(0, 1, 3)","(1, 1, 0)",
UAE,1997,Historical,2023.0,,,2250.0,227.0,"(0, 1, 3)","(1, 1, 0)",
UAE,1998,Historical,2097.0,,,2324.0,227.0,"(0, 1, 3)","(1, 1, 0)",
UAE,1999,Historical,1989.0,,,2181.0,192.0,"(0, 1, 3)","(1, 1, 0)",
UAE,2000,Historical,2304.0,,,2487.0,183.0,"(0, 1, 3)","(1, 1, 0)",
UAE,2001,Historical,2065.0,,,2216.0,151.0,"(0, 1, 3)","(1, 1, 0)",
UAE,2002,Historical,1943.0,,,2097.0,154.0,"(0, 1, 3)","(1, 1, 0)",
UAE,2003,Historical,2231.0,,,2436.0,205.0,"(0, 1, 3)","(1, 1, 0)",
UAE,2004,Historical,2415.0,,,2647.0,232.0,"(0, 1, 3)","(1, 1, 0)",
UAE,2005,Historical,2474.0,,,2735.0,261.0,"(0, 1, 3)","(1, 1, 0)",
UAE,2006,Historical,2592.0,,,2852.0,260.0,"(0, 1, 3)","(1, 1, 0)",
UAE,2007,Historical,2527.0,,,2806.0,279.0,"(0, 1, 3)","(1, 1, 0)",
UAE,2008,Historical,2543.0,,,2863.0,320.0,"(0, 1, 3)","(1, 1, 0)",
UAE,2009,Historical,2232.0,,,2543.0,311.0,"(0, 1, 3)","(1, 1, 0)",
UAE,2010,Historical,2452.0,,,2767.0,315.0,"(0, 1, 3)","(1, 1, 0)",
UAE,2011,Historical,2829.0,,,3185.0,356.0,"(0, 1, 3)","(1, 1, 0)",
UAE,2012,Historical,2987.0,,,3332.0,345.0,"(0, 1, 3)","(1, 1, 0)",
UAE,2013,Historical,3123.0,,,3550.0,427.0,"(0, 1, 3)","(1, 1, 0)",
UAE,2014,Historical,2765.0,,,3177.0,412.0,"(0, 1, 3)","(1, 1, 0)",
UAE,2015,Historical,2928.0,,,3356.0,428.0,"(0, 1, 3)","(1, 1, 0)",
UAE,2016,Historical,2904.0,,,3321.0,417.0,"(0, 1, 3)","(1, 1, 0)",
UAE,2017,Historical,2939.5,,,3338.4,398.9,"(0, 1, 3)","(1, 1, 0)",
UAE,2018,Historical,2855.7,,,3276.5,420.9,"(0, 1, 3)","(1, 1, 0)",
UAE,2019,Historical,2960.1,,,3447.9,487.8,"(0, 1, 3)","(1, 1, 0)",
UAE,2020,Historical,2913.1,,,3493.0,579.9,"(0, 1, 3)","(1, 1, 0)",
UAE,2021,Historical,2865.8,,,3468.7,602.9,"(0, 1, 3)","(1, 1, 0)",
UAE,2022,Historical,3257.3,,,3884.1,626.8,"(0, 1, 3)","(1, 1, 0)",
UAE,2023,Historical,3087.9,,,3808.1,720.2,"(0, 1, 3)","(1, 1, 0)",
UAE,2024,Forecast,3143.3,2175.2,4071.0,3908.0,764.7,"(0, 1, 3)","(1, 1, 0)",19.1
UAE,2025,Forecast,3236.0,1474.7,4822.1,4020.8,784.8,"(0, 1, 3)","(1, 1, 0)",19.1
UAE,2026,Forecast,3117.9,577.2,5301.0,3911.5,793.6,"(0, 1, 3)","(1, 1, 0)",19.1
UAE,2027,Forecast,3114.1,-327.8,6147.5,3911.5,797.4,"(0, 1, 3)","(1, 1, 0)",19.1
UAE,2028,Forecast,3112.4,-1171.9,6882.9,3911.5,799.1,"(0, 1, 3)","(1, 1, 0)",19.1
UAE,2029,Forecast,3111.7,-2006.1,7562.5,3911.5,799.8,"(0, 1, 3)","(1, 1, 0)",19.1
UAE,2030,Forecast,3111.4,-2853.0,8209.7,3911.5,800.1,"(0, 1, 3)","(1, 1, 0)",19.1
USA,1971,Historical,-3691.0,,,225.0,3916.0,"(1, 1, 3)","(1, 1, 0)",
USA,1972,Historical,-4493.0,,,224.0,4717.0,"(1, 1, 3)","(1, 1, 0)",
USA,1973,Historical,-5943.0,,,232.0,6175.0,"(1, 1, 3)","(1, 1, 0)",
USA,1974,Historical,-5805.0,,,222.0,6027.0,"(1, 1, 3)","(1, 1, 0)",
USA,1975,Historical,-6174.0,,,196.0,6370.0,"(1, 1, 3)","(1, 1, 0)",
USA,1976,Historical,-7325.0,,,204.0,7529.0,"(1, 1, 3)","(1, 1, 0)",
USA,1977,Historical,-9020.0,,,252.0,9272.0,"(1, 1, 3)","(1, 1, 0)",
USA,1978,Historical,-8384.0,,,273.0,8657.0,"(1, 1, 3)","(1, 1, 0)",
USA,1979,Historical,-8324.0,,,308.0,8632.0,"(1, 1, 3)","(1, 1, 0)",
USA,1980,Historical,-6676.0,,,319.0,6995.0,"(1, 1, 3)","(1, 1, 0)",
USA,1981,Historical,-5743.0,,,368.0,6111.0,"(1, 1, 3)","(1, 1, 0)",
USA,1982,Historical,-4669.0,,,623.0,5292.0,"(1, 1, 3)","(1, 1, 0)",
USA,1983,Historical,-4651.0,,,581.0,5232.0,"(1, 1, 3)","(1, 1, 0)",
USA,1984,Historical,-5069.0,,,548.0,5617.0,"(1, 1, 3)","(1, 1, 0)",
USA,1985,Historical,-4677.0,,,593.0,5270.0,"(1, 1, 3)","(1, 1, 0)",
USA,1986,Historical,-5778.0,,,656.0,6434.0,"(1, 1, 3)","(1, 1, 0)",
USA,1987,Historical,-6237.0,,,648.0,6885.0,"(1, 1, 3)","(1, 1, 0)",
USA,1988,Historical,-6874.0,,,680.0,7554.0,"(1, 1, 3)","(1, 1, 0)",
USA,1989,Historical,-7450.0,,,736.0,8186.0,"(1, 1, 3)","(1, 1, 0)",
USA,1990,Historical,-7430.0,,,781.0,8211.0,"(1, 1, 3)","(1, 1, 0)",
USA,1991,Historical,-6956.0,,,893.0,7849.0,"(1, 1, 3)","(1, 1, 0)",
USA,1992,Historical,-7375.0,,,860.0,8235.0,"(1, 1, 3)","(1, 1, 0)",
USA,1993,Historical,-8088.0,,,907.0,8995.0,"(1, 1, 3)","(1, 1, 0)",
USA,1994,Historical,-8536.0,,,849.0,9385.0,"(1, 1, 3)","(1, 1, 0)",
USA,1995,Historical,-8355.0,,,842.0,9197.0,"(1, 1, 3)","(1, 1, 0)",
USA,1996,Historical,-8970.0,,,925.0,9895.0,"(1, 1, 3)","(1, 1, 0)",
USA,1997,Historical,-9650.0,,,1005.0,10655.0,"(1, 1, 3)","(1, 1, 0)",
USA,1998,Historical,-10229.0,,,948.0,11177.0,"(1, 1, 3)","(1, 1, 0)",
USA,1999,Historical,-10390.0,,,943.0,11333.0,"(1, 1, 3)","(1, 1, 0)",
USA,2000,Historical,-10944.0,,,1039.0,11983.0,"(1, 1, 3)","(1, 1, 0)",
USA,2001,Historical,-11465.0,,,980.0,12445.0,"(1, 1, 3)","(1, 1, 0)",
USA,2002,Historical,-11111.0,,,1000.0,12111.0,"(1, 1, 3)","(1, 1, 0)",
USA,2003,Historical,-11852.0,,,1047.0,12899.0,"(1, 1, 3)","(1, 1, 0)",
USA,2004,Historical,-12722.0,,,1075.0,13797.0,"(1, 1, 3)","(1, 1, 0)",
USA,2005,Historical,-13164.0,,,1187.0,14351.0,"(1, 1, 3)","(1, 1, 0)",
USA,2006,Historical,-13015.0,,,1344.0,14359.0,"(1, 1, 3)","(1, 1, 0)",
USA,2007,Historical,-12629.0,,,1468.0,14097.0,"(1, 1, 3)","(1, 1, 0)",
USA,2008,Historical,-11686.0,,,1865.0,13551.0,"(1, 1, 3)","(1, 1, 0)",
USA,2009,Historical,-10249.0,,,2043.0,12292.0,"(1, 1, 3)","(1, 1, 0)",
USA,2010,Historical,-10032.0,,,2358.0,12390.0,"(1, 1, 3)","(1, 1, 0)",
USA,2011,Historical,-9055.0,,,2807.0,11862.0,"(1, 1, 3)","(1, 1, 0)",
USA,2012,Historical,-7708.0,,,2969.0,10677.0,"(1, 1, 3)","(1, 1, 0)",
USA,2013,Historical,-6707.0,,,3243.0,9950.0,"(1, 1, 3)","(1, 1, 0)",
USA,2014,Historical,-5216.0,,,4137.0,9353.0,"(1, 1, 3)","(1, 1, 0)",
USA,2015,Historical,-4861.0,,,4679.0,9540.0,"(1, 1, 3)","(1, 1, 0)",
USA,2016,Historical,-4912.0,,,5186.0,10098.0,"(1, 1, 3)","(1, 1, 0)",
USA,2017,Historical,-3939.5,,,6276.9,10216.4,"(1, 1, 3)","(1, 1, 0)",
USA,2018,Historical,-2515.5,,,7527.1,10042.7,"(1, 1, 3)","(1, 1, 0)",
USA,2019,Historical,-779.7,,,8452.8,9232.4,"(1, 1, 3)","(1, 1, 0)",
USA,2020,Historical,425.1,,,8416.9,7991.8,"(1, 1, 3)","(1, 1, 0)",
USA,2021,Historical,-62.7,,,8479.8,8542.5,"(1, 1, 3)","(1, 1, 0)",
USA,2022,Historical,1090.2,,,9455.6,8365.4,"(1, 1, 3)","(1, 1, 0)",
USA,2023,Historical,1514.1,,,10109.9,8595.8,"(1, 1, 3)","(1, 1, 0)",
USA,2024,Forecast,1697.9,-1750.9,5309.3,10389.6,8691.7,"(1, 1, 3)","(1, 1, 0)",17.6
USA,2025,Forecast,1989.4,-3858.0,8190.7,10720.5,8731.1,"(1, 1, 3)","(1, 1, 0)",17.6
USA,2026,Forecast,2282.8,-5562.2,10575.0,11030.1,8747.3,"(1, 1, 3)","(1, 1, 0)",17.6
USA,2027,Forecast,2556.3,-7304.3,13318.7,11310.2,8753.9,"(1, 1, 3)","(1, 1, 0)",17.6
USA,2028,Forecast,2806.2,-9022.3,16447.0,11562.8,8756.6,"(1, 1, 3)","(1, 1, 0)",17.6
USA,2029,Forecast,3032.4,-10686.3,19994.6,11790.1,8757.7,"(1, 1, 3)","(1, 1, 0)",17.6
USA,2030,Forecast,3235.9,-12284.6,24001.6,11994.0,8758.2,"(1, 1, 3)","(1, 1, 0)",17.6
